customer_id,signup_date,city,acquisition_channel
CUST00001,2024-09-13,Bengaluru,Website
CUST00002,2023-01-25,Hyderabad,Website
CUST00003,2023-09-25,Pune,Mobile App
CUST00004,2023-08-05,Jaipur,Website
CUST00005,2024-12-16,Kolkata,Website
CUST00006,2024-10-19,Bengaluru,Website
CUST00007,2025-05-17,Jaipur,Mobile App
CUST00008,2023-03-26,Jaipur,Website
CUST00009,2024-02-15,Jaipur,Website
CUST00010,2023-01-29,Ahmedabad,Mobile App
CUST00011,2023-08-01,Mumbai,Retail Store
CUST00012,2024-05-06,Pune,Mobile App
CUST00013,2023-01-26,Chennai,Website
CUST00014,2023-07-13,Delhi,Marketplace
CUST00015,2024-09-23,Chennai,Website
CUST00016,2024-06-13,Kolkata,Website
CUST00017,2023-08-03,Chennai,Mobile App
CUST00018,2024-07-26,Mumbai,Mobile App
CUST00019,2025-02-25,Jaipur,Website
CUST00020,2023-01-07,Kolkata,Website
CUST00021,2025-02-22,Hyderabad,Retail Store
CUST00022,2024-11-09,Kochi,Retail Store
CUST00023,2023-11-27,Chennai,Mobile App
CUST00024,2023-06-01,Bengaluru,Website
CUST00025,2025-07-19,Delhi,Retail Store
CUST00026,2023-11-24,Bengaluru,Retail Store
CUST00027,2023-04-01,Bengaluru,Website
CUST00028,2023-04-05,Ahmedabad,Mobile App
CUST00029,2025-04-03,Chennai,Website
CUST00030,2024-08-09,Chennai,Website
CUST00031,2025-02-23,Hyderabad,Mobile App
CUST00032,2024-12-10,Bengaluru,Mobile App
CUST00033,2024-06-05,Pune,Mobile App
CUST00034,2025-08-03,Delhi,Website
CUST00035,2024-01-03,Kolkata,Website
CUST00036,2024-06-20,Jaipur,Website
CUST00037,2025-03-17,Chennai,Retail Store
CUST00038,2024-08-24,Mumbai,Website
CUST00039,2025-04-17,Mumbai,Retail Store
CUST00040,2024-07-15,Kolkata,Website
CUST00041,2024-11-15,Delhi,Marketplace
CUST00042,2023-02-14,Kochi,Retail Store
CUST00043,2023-08-10,Chennai,Website
CUST00044,2023-10-09,Ahmedabad,Website
CUST00045,2023-03-19,Ahmedabad,Website
CUST00046,2023-08-15,Pune,Website
CUST00047,2023-04-09,Jaipur,Mobile App
CUST00048,2023-09-28,Kochi,Mobile App
CUST00049,2024-09-09,Kochi,Website
CUST00050,2023-12-21,Delhi,Marketplace
CUST00051,2023-12-26,Pune,Mobile App
CUST00052,2023-07-23,Bengaluru,Retail Store
CUST00053,2023-09-17,Bengaluru,Website
CUST00054,2025-06-29,Pune,Retail Store
CUST00055,2024-09-21,Kolkata,Mobile App
CUST00056,2024-08-15,Kolkata,Website
CUST00057,2023-06-16,Ahmedabad,Mobile App
CUST00058,2024-12-09,Jaipur,Retail Store
CUST00059,2023-06-08,Mumbai,Mobile App
CUST00060,2024-01-04,Bengaluru,Mobile App
CUST00061,2025-08-19,Jaipur,Retail Store
CUST00062,2024-09-14,Chennai,Website
CUST00063,2024-06-25,Kolkata,Website
CUST00064,2024-10-27,Mumbai,Marketplace
CUST00065,2025-03-30,Hyderabad,Marketplace
CUST00066,2025-01-24,Pune,Mobile App
CUST00067,2023-08-11,Bengaluru,Retail Store
CUST00068,2023-02-01,Hyderabad,Retail Store
CUST00069,2023-11-03,Jaipur,Mobile App
CUST00070,2023-09-18,Pune,Website
CUST00071,2023-07-25,Pune,Mobile App
CUST00072,2025-07-05,Jaipur,Marketplace
CUST00073,2025-05-01,Kochi,Website
CUST00074,2023-11-02,Mumbai,Website
CUST00075,2024-09-29,Chennai,Retail Store
CUST00076,2024-01-20,Hyderabad,Website
CUST00077,2025-06-07,Delhi,Retail Store
CUST00078,2024-03-22,Bengaluru,Website
CUST00079,2023-09-15,Ahmedabad,Retail Store
CUST00080,2023-08-28,Jaipur,Retail Store
CUST00081,2024-06-29,Pune,Mobile App
CUST00082,2023-09-13,Jaipur,Website
CUST00083,2024-07-22,Jaipur,Retail Store
CUST00084,2025-05-22,Kolkata,Marketplace
CUST00085,2024-01-24,Jaipur,Retail Store
CUST00086,2023-08-02,Delhi,Mobile App
CUST00087,2025-08-27,Kolkata,Marketplace
CUST00088,2024-05-10,Chennai,Mobile App
CUST00089,2023-03-30,Jaipur,Mobile App
CUST00090,2023-02-15,Delhi,Website
CUST00091,2023-04-17,Chennai,Website
CUST00092,2024-09-01,Jaipur,Website
CUST00093,2025-02-08,Delhi,Website
CUST00094,2024-02-15,Mumbai,Website
CUST00095,2023-03-03,Mumbai,Retail Store
CUST00096,2024-01-06,Bengaluru,Mobile App
CUST00097,2025-08-26,Hyderabad,Mobile App
CUST00098,2024-05-29,Delhi,Mobile App
CUST00099,2025-08-01,Kochi,Mobile App
CUST00100,2025-04-16,Delhi,Retail Store
CUST00101,2023-01-12,Kolkata,Website
CUST00102,2024-12-01,Bengaluru,Mobile App
CUST00103,2024-10-24,Chennai,Mobile App
CUST00104,2024-06-05,Ahmedabad,Retail Store
CUST00105,2023-09-17,Mumbai,Mobile App
CUST00106,2024-09-15,Bengaluru,Website
CUST00107,2023-04-19,Chennai,Retail Store
CUST00108,2024-02-27,Bengaluru,Website
CUST00109,2024-03-17,Delhi,Mobile App
CUST00110,2025-07-16,Pune,Mobile App
CUST00111,2025-05-01,Hyderabad,Mobile App
CUST00112,2023-09-14,Bengaluru,Mobile App
CUST00113,2024-05-01,Jaipur,Website
CUST00114,2023-06-23,Jaipur,Retail Store
CUST00115,2025-06-06,Bengaluru,Marketplace
CUST00116,2025-04-26,Delhi,Website
CUST00117,2023-10-18,Ahmedabad,Mobile App
CUST00118,2024-09-13,Kolkata,Marketplace
CUST00119,2024-08-14,Pune,Website
CUST00120,2023-05-29,Kolkata,Website
CUST00121,2025-01-11,Ahmedabad,Website
CUST00122,2024-06-08,Jaipur,Mobile App
CUST00123,2025-01-26,Ahmedabad,Website
CUST00124,2024-05-30,Hyderabad,Website
CUST00125,2023-01-01,Mumbai,Mobile App
CUST00126,2023-11-12,Jaipur,Website
CUST00127,2023-01-19,Chennai,Website
CUST00128,2025-06-22,Kochi,Mobile App
CUST00129,2025-05-04,Jaipur,Website
CUST00130,2025-03-19,Jaipur,Website
CUST00131,2023-10-26,Pune,Website
CUST00132,2023-02-26,Bengaluru,Mobile App
CUST00133,2025-05-03,Delhi,Website
CUST00134,2025-07-09,Kochi,Website
CUST00135,2023-03-25,Kochi,Website
CUST00136,2024-04-17,Bengaluru,Website
CUST00137,2023-03-09,Kochi,Mobile App
CUST00138,2025-01-09,Chennai,Marketplace
CUST00139,2025-01-14,Delhi,Mobile App
CUST00140,2023-05-05,Chennai,Website
CUST00141,2024-04-06,Kolkata,Website
CUST00142,2024-06-18,Hyderabad,Mobile App
CUST00143,2023-09-15,Bengaluru,Website
CUST00144,2025-04-28,Kochi,Marketplace
CUST00145,2024-02-16,Bengaluru,Website
CUST00146,2023-07-25,Delhi,Mobile App
CUST00147,2024-06-08,Pune,Marketplace
CUST00148,2024-12-10,Bengaluru,Retail Store
CUST00149,2023-07-15,Chennai,Website
CUST00150,2023-10-30,Ahmedabad,Retail Store
CUST00151,2025-08-25,Hyderabad,Mobile App
CUST00152,2024-09-23,Jaipur,Website
CUST00153,2024-03-01,Jaipur,Website
CUST00154,2024-05-18,Bengaluru,Marketplace
CUST00155,2023-04-28,Pune,Website
CUST00156,2023-08-07,Bengaluru,Mobile App
CUST00157,2023-11-25,Pune,Website
CUST00158,2024-07-25,Kochi,Website
CUST00159,2023-08-12,Chennai,Website
CUST00160,2023-08-03,Hyderabad,Mobile App
CUST00161,2023-03-11,Hyderabad,Marketplace
CUST00162,2024-09-05,Mumbai,Website
CUST00163,2023-08-11,Kolkata,Retail Store
CUST00164,2025-05-30,Mumbai,Website
CUST00165,2025-04-15,Pune,Mobile App
CUST00166,2023-03-10,Hyderabad,Website
CUST00167,2023-08-20,Ahmedabad,Mobile App
CUST00168,2024-10-12,Kolkata,Mobile App
CUST00169,2023-07-28,Bengaluru,Website
CUST00170,2023-05-09,Pune,Mobile App
CUST00171,2025-06-28,Chennai,Mobile App
CUST00172,2024-07-09,Pune,Mobile App
CUST00173,2024-04-04,Mumbai,Website
CUST00174,2025-02-01,Mumbai,Retail Store
CUST00175,2025-02-23,Delhi,Mobile App
CUST00176,2023-07-05,Bengaluru,Website
CUST00177,2023-04-05,Jaipur,Retail Store
CUST00178,2024-02-23,Kolkata,Marketplace
CUST00179,2024-02-16,Pune,Marketplace
CUST00180,2024-03-29,Delhi,Retail Store
CUST00181,2024-12-09,Pune,Retail Store
CUST00182,2024-10-16,Mumbai,Website
CUST00183,2025-08-14,Chennai,Retail Store
CUST00184,2023-04-06,Kolkata,Retail Store
CUST00185,2024-01-27,Delhi,Website
CUST00186,2023-11-26,Bengaluru,Website
CUST00187,2025-04-17,Mumbai,Retail Store
CUST00188,2023-08-30,Delhi,Website
CUST00189,2023-07-04,Ahmedabad,Website
CUST00190,2024-03-12,Delhi,Website
CUST00191,2024-02-15,Delhi,Website
CUST00192,2023-09-28,Hyderabad,Retail Store
CUST00193,2023-08-31,Hyderabad,Website
CUST00194,2025-06-16,Jaipur,Website
CUST00195,2024-03-06,Jaipur,Website
CUST00196,2025-04-17,Mumbai,Website
CUST00197,2024-06-18,Hyderabad,Website
CUST00198,2023-02-19,Hyderabad,Website
CUST00199,2025-08-29,Kochi,Mobile App
CUST00200,2025-03-23,Chennai,Mobile App
CUST00201,2025-07-30,Jaipur,Website
CUST00202,2025-06-19,Kochi,Website
CUST00203,2025-04-04,Mumbai,Mobile App
CUST00204,2023-06-11,Mumbai,Mobile App
CUST00205,2024-04-17,Jaipur,Mobile App
CUST00206,2023-07-27,Delhi,Website
CUST00207,2024-01-25,Bengaluru,Marketplace
CUST00208,2023-02-26,Chennai,Mobile App
CUST00209,2024-01-04,Bengaluru,Mobile App
CUST00210,2025-08-15,Hyderabad,Mobile App
CUST00211,2023-09-15,Kolkata,Website
CUST00212,2025-02-01,Hyderabad,Mobile App
CUST00213,2024-03-18,Delhi,Mobile App
CUST00214,2024-02-16,Kolkata,Mobile App
CUST00215,2025-07-19,Pune,Mobile App
CUST00216,2025-08-25,Hyderabad,Website
CUST00217,2024-06-24,Mumbai,Website
CUST00218,2024-11-29,Delhi,Mobile App
CUST00219,2023-05-31,Kochi,Mobile App
CUST00220,2023-10-16,Chennai,Mobile App
CUST00221,2025-07-30,Ahmedabad,Mobile App
CUST00222,2024-07-16,Jaipur,Mobile App
CUST00223,2024-06-11,Pune,Mobile App
CUST00224,2024-12-28,Hyderabad,Mobile App
CUST00225,2023-02-25,Kochi,Website
CUST00226,2024-07-21,Delhi,Mobile App
CUST00227,2024-05-03,Delhi,Retail Store
CUST00228,2025-04-08,Pune,Website
CUST00229,2023-06-03,Delhi,Marketplace
CUST00230,2025-07-22,Kochi,Retail Store
CUST00231,2023-03-19,Bengaluru,Mobile App
CUST00232,2023-06-30,Kochi,Website
CUST00233,2024-08-01,Kolkata,Mobile App
CUST00234,2024-10-18,Delhi,Website
CUST00235,2023-08-17,Mumbai,Retail Store
CUST00236,2023-04-27,Bengaluru,Retail Store
CUST00237,2025-05-15,Delhi,Website
CUST00238,2023-08-28,Jaipur,Mobile App
CUST00239,2024-07-31,Jaipur,Website
CUST00240,2024-08-25,Bengaluru,Mobile App
CUST00241,2024-02-12,Ahmedabad,Mobile App
CUST00242,2024-07-21,Jaipur,Mobile App
CUST00243,2024-05-23,Ahmedabad,Mobile App
CUST00244,2025-06-27,Jaipur,Mobile App
CUST00245,2023-07-18,Jaipur,Mobile App
CUST00246,2024-11-27,Pune,Mobile App
CUST00247,2023-08-21,Ahmedabad,Mobile App
CUST00248,2024-01-20,Delhi,Retail Store
CUST00249,2024-10-14,Hyderabad,Retail Store
CUST00250,2023-10-19,Jaipur,Mobile App
CUST00251,2023-11-04,Delhi,Website
CUST00252,2024-12-31,Bengaluru,Mobile App
CUST00253,2023-03-12,Delhi,Website
CUST00254,2024-03-21,Chennai,Retail Store
CUST00255,2025-08-28,Bengaluru,Website
CUST00256,2025-08-26,Delhi,Website
CUST00257,2023-03-13,Pune,Mobile App
CUST00258,2023-07-27,Bengaluru,Website
CUST00259,2023-09-15,Chennai,Mobile App
CUST00260,2025-06-26,Kolkata,Website
CUST00261,2025-05-06,Kolkata,Website
CUST00262,2025-05-04,Kochi,Marketplace
CUST00263,2023-12-26,Mumbai,Retail Store
CUST00264,2023-06-03,Kochi,Website
CUST00265,2025-03-21,Mumbai,Marketplace
CUST00266,2024-11-14,Hyderabad,Retail Store
CUST00267,2024-08-17,Kolkata,Mobile App
CUST00268,2025-08-17,Jaipur,Retail Store
CUST00269,2024-09-27,Delhi,Mobile App
CUST00270,2023-01-08,Hyderabad,Mobile App
CUST00271,2025-03-05,Mumbai,Website
CUST00272,2023-10-18,Kolkata,Mobile App
CUST00273,2024-10-06,Ahmedabad,Marketplace
CUST00274,2025-07-01,Kochi,Mobile App
CUST00275,2023-05-11,Kolkata,Mobile App
CUST00276,2023-04-23,Mumbai,Website
CUST00277,2023-04-15,Kolkata,Website
CUST00278,2024-06-21,Ahmedabad,Website
CUST00279,2023-09-22,Hyderabad,Website
CUST00280,2024-08-10,Delhi,Mobile App
CUST00281,2024-11-28,Chennai,Retail Store
CUST00282,2023-07-17,Kolkata,Website
CUST00283,2024-09-08,Kolkata,Website
CUST00284,2023-09-14,Bengaluru,Mobile App
CUST00285,2024-04-19,Jaipur,Website
CUST00286,2025-05-29,Chennai,Website
CUST00287,2025-04-02,Bengaluru,Retail Store
CUST00288,2023-03-31,Mumbai,Retail Store
CUST00289,2024-02-16,Delhi,Website
CUST00290,2023-09-26,Mumbai,Mobile App
CUST00291,2023-01-04,Delhi,Website
CUST00292,2025-01-19,Bengaluru,Mobile App
CUST00293,2024-09-11,Delhi,Mobile App
CUST00294,2023-09-12,Hyderabad,Retail Store
CUST00295,2024-12-21,Pune,Mobile App
CUST00296,2024-06-20,Bengaluru,Retail Store
CUST00297,2024-02-20,Pune,Marketplace
CUST00298,2023-01-10,Bengaluru,Mobile App
CUST00299,2023-03-15,Hyderabad,Mobile App
CUST00300,2025-05-08,Kolkata,Website
CUST00301,2025-05-28,Delhi,Website
CUST00302,2024-06-14,Delhi,Website
CUST00303,2025-03-22,Hyderabad,Retail Store
CUST00304,2024-07-20,Kochi,Retail Store
CUST00305,2023-05-24,Kochi,Retail Store
CUST00306,2023-05-04,Chennai,Mobile App
CUST00307,2023-10-27,Chennai,Website
CUST00308,2025-05-23,Chennai,Website
CUST00309,2025-02-12,Kolkata,Retail Store
CUST00310,2025-04-16,Bengaluru,Mobile App
CUST00311,2025-05-23,Chennai,Mobile App
CUST00312,2023-07-24,Ahmedabad,Mobile App
CUST00313,2023-08-31,Kolkata,Website
CUST00314,2023-04-10,Jaipur,Marketplace
CUST00315,2025-01-28,Hyderabad,Mobile App
CUST00316,2025-05-09,Jaipur,Retail Store
CUST00317,2024-01-30,Ahmedabad,Mobile App
CUST00318,2024-08-26,Kochi,Website
CUST00319,2023-05-31,Delhi,Retail Store
CUST00320,2025-06-22,Bengaluru,Website
CUST00321,2025-04-20,Ahmedabad,Website
CUST00322,2025-08-06,Ahmedabad,Mobile App
CUST00323,2025-02-27,Kolkata,Website
CUST00324,2025-05-06,Ahmedabad,Retail Store
CUST00325,2023-01-25,Pune,Mobile App
CUST00326,2024-12-16,Chennai,Retail Store
CUST00327,2023-11-19,Chennai,Website
CUST00328,2025-06-23,Kochi,Mobile App
CUST00329,2025-02-18,Hyderabad,Mobile App
CUST00330,2025-04-19,Jaipur,Marketplace
CUST00331,2025-02-27,Bengaluru,Website
CUST00332,2023-09-17,Kolkata,Mobile App
CUST00333,2025-02-04,Delhi,Mobile App
CUST00334,2023-04-16,Ahmedabad,Mobile App
CUST00335,2025-04-27,Mumbai,Website
CUST00336,2025-04-14,Delhi,Website
CUST00337,2023-08-05,Delhi,Website
CUST00338,2025-03-04,Kochi,Website
CUST00339,2024-03-23,Jaipur,Mobile App
CUST00340,2023-10-24,Kolkata,Marketplace
CUST00341,2025-02-12,Jaipur,Website
CUST00342,2023-08-10,Ahmedabad,Website
CUST00343,2023-01-24,Hyderabad,Website
CUST00344,2023-07-07,Delhi,Website
CUST00345,2023-11-16,Jaipur,Marketplace
CUST00346,2025-04-20,Pune,Website
CUST00347,2025-07-28,Ahmedabad,Website
CUST00348,2023-09-29,Kochi,Marketplace
CUST00349,2024-09-15,Jaipur,Mobile App
CUST00350,2024-01-24,Bengaluru,Retail Store
CUST00351,2025-08-11,Hyderabad,Website
CUST00352,2024-06-05,Pune,Website
CUST00353,2025-07-01,Jaipur,Website
CUST00354,2023-04-23,Mumbai,Marketplace
CUST00355,2025-08-01,Jaipur,Website
CUST00356,2023-06-23,Pune,Mobile App
CUST00357,2025-07-24,Ahmedabad,Website
CUST00358,2023-09-16,Mumbai,Mobile App
CUST00359,2023-04-16,Ahmedabad,Mobile App
CUST00360,2024-02-27,Chennai,Website
CUST00361,2024-12-09,Mumbai,Website
CUST00362,2023-11-01,Ahmedabad,Website
CUST00363,2024-08-12,Bengaluru,Website
CUST00364,2024-05-12,Bengaluru,Mobile App
CUST00365,2024-01-10,Mumbai,Website
CUST00366,2024-07-14,Kochi,Marketplace
CUST00367,2023-09-05,Bengaluru,Marketplace
CUST00368,2024-11-19,Bengaluru,Mobile App
CUST00369,2023-01-02,Kolkata,Mobile App
CUST00370,2025-06-18,Kochi,Website
CUST00371,2024-06-07,Jaipur,Website
CUST00372,2024-11-30,Ahmedabad,Website
CUST00373,2024-12-22,Kochi,Marketplace
CUST00374,2024-10-13,Hyderabad,Mobile App
CUST00375,2023-12-21,Mumbai,Mobile App
CUST00376,2023-03-10,Bengaluru,Marketplace
CUST00377,2024-10-07,Delhi,Mobile App
CUST00378,2023-11-17,Hyderabad,Mobile App
CUST00379,2023-11-02,Pune,Website
CUST00380,2025-04-04,Jaipur,Website
CUST00381,2024-11-30,Mumbai,Website
CUST00382,2023-10-19,Kochi,Mobile App
CUST00383,2023-10-28,Mumbai,Website
CUST00384,2024-02-01,Hyderabad,Mobile App
CUST00385,2024-01-27,Ahmedabad,Website
CUST00386,2023-10-15,Delhi,Marketplace
CUST00387,2023-05-04,Kochi,Mobile App
CUST00388,2024-02-13,Delhi,Mobile App
CUST00389,2025-07-03,Jaipur,Website
CUST00390,2024-10-20,Pune,Marketplace
CUST00391,2025-05-27,Pune,Website
CUST00392,2024-08-21,Pune,Retail Store
CUST00393,2023-10-20,Kochi,Mobile App
CUST00394,2024-06-16,Kochi,Marketplace
CUST00395,2023-01-01,Ahmedabad,Website
CUST00396,2023-10-06,Hyderabad,Mobile App
CUST00397,2024-02-22,Hyderabad,Mobile App
CUST00398,2024-07-17,Ahmedabad,Mobile App
CUST00399,2024-09-28,Kochi,Website
CUST00400,2024-03-27,Kolkata,Mobile App
CUST00401,2024-03-05,Kochi,Website
CUST00402,2023-07-27,Bengaluru,Website
CUST00403,2024-04-04,Kochi,Mobile App
CUST00404,2025-05-25,Mumbai,Marketplace
CUST00405,2025-02-12,Hyderabad,Mobile App
CUST00406,2023-06-14,Pune,Mobile App
CUST00407,2023-03-24,Ahmedabad,Marketplace
CUST00408,2024-05-16,Pune,Marketplace
CUST00409,2024-09-07,Kolkata,Mobile App
CUST00410,2023-11-22,Ahmedabad,Marketplace
CUST00411,2025-03-06,Ahmedabad,Website
CUST00412,2024-12-31,Chennai,Website
CUST00413,2024-10-15,Bengaluru,Retail Store
CUST00414,2023-08-07,Chennai,Website
CUST00415,2023-07-13,Ahmedabad,Website
CUST00416,2023-01-24,Kolkata,Retail Store
CUST00417,2023-08-26,Jaipur,Website
CUST00418,2024-04-06,Bengaluru,Website
CUST00419,2025-04-05,Chennai,Website
CUST00420,2023-03-12,Kolkata,Retail Store
CUST00421,2024-02-07,Mumbai,Mobile App
CUST00422,2024-09-04,Jaipur,Mobile App
CUST00423,2023-07-08,Mumbai,Website
CUST00424,2024-11-07,Chennai,Mobile App
CUST00425,2024-04-25,Ahmedabad,Mobile App
CUST00426,2023-08-26,Mumbai,Website
CUST00427,2024-09-29,Jaipur,Website
CUST00428,2023-01-06,Hyderabad,Mobile App
CUST00429,2024-12-30,Ahmedabad,Website
CUST00430,2025-01-18,Kochi,Retail Store
CUST00431,2023-04-14,Pune,Website
CUST00432,2024-02-18,Mumbai,Mobile App
CUST00433,2023-06-20,Bengaluru,Website
CUST00434,2025-07-20,Bengaluru,Mobile App
CUST00435,2024-05-18,Bengaluru,Mobile App
CUST00436,2023-02-18,Pune,Mobile App
CUST00437,2023-08-31,Hyderabad,Mobile App
CUST00438,2025-04-04,Hyderabad,Website
CUST00439,2024-03-19,Ahmedabad,Marketplace
CUST00440,2025-02-17,Delhi,Mobile App
CUST00441,2024-10-10,Pune,Website
CUST00442,2025-08-18,Kochi,Mobile App
CUST00443,2024-08-01,Pune,Retail Store
CUST00444,2025-07-12,Hyderabad,Retail Store
CUST00445,2025-05-16,Kolkata,Website
CUST00446,2024-08-18,Jaipur,Website
CUST00447,2024-11-30,Mumbai,Website
CUST00448,2024-05-05,Hyderabad,Retail Store
CUST00449,2025-03-18,Kochi,Marketplace
CUST00450,2024-06-16,Ahmedabad,Retail Store
CUST00451,2025-05-22,Ahmedabad,Mobile App
CUST00452,2024-12-23,Chennai,Website
CUST00453,2024-04-06,Jaipur,Website
CUST00454,2023-09-09,Chennai,Retail Store
CUST00455,2023-08-29,Delhi,Mobile App
CUST00456,2024-09-11,Delhi,Retail Store
CUST00457,2025-01-14,Kolkata,Website
CUST00458,2024-05-21,Ahmedabad,Mobile App
CUST00459,2024-09-01,Kolkata,Website
CUST00460,2023-09-24,Pune,Mobile App
CUST00461,2023-03-17,Mumbai,Website
CUST00462,2023-10-05,Kochi,Website
CUST00463,2023-09-22,Bengaluru,Retail Store
CUST00464,2023-11-07,Ahmedabad,Website
CUST00465,2024-06-09,Ahmedabad,Website
CUST00466,2023-05-15,Pune,Website
CUST00467,2023-08-13,Pune,Website
CUST00468,2024-11-05,Hyderabad,Website
CUST00469,2024-11-17,Kolkata,Mobile App
CUST00470,2023-03-04,Chennai,Retail Store
CUST00471,2024-02-01,Jaipur,Website
CUST00472,2024-06-11,Chennai,Mobile App
CUST00473,2024-02-09,Ahmedabad,Retail Store
CUST00474,2023-07-21,Mumbai,Mobile App
CUST00475,2024-02-13,Delhi,Mobile App
CUST00476,2025-05-29,Hyderabad,Marketplace
CUST00477,2024-07-21,Bengaluru,Mobile App
CUST00478,2024-11-07,Bengaluru,Retail Store
CUST00479,2025-04-12,Bengaluru,Mobile App
CUST00480,2025-01-14,Hyderabad,Marketplace
CUST00481,2024-01-05,Mumbai,Website
CUST00482,2023-01-06,Mumbai,Website
CUST00483,2023-12-08,Chennai,Mobile App
CUST00484,2025-01-02,Delhi,Mobile App
CUST00485,2025-04-09,Kochi,Mobile App
CUST00486,2025-07-15,Pune,Website
CUST00487,2024-02-12,Bengaluru,Mobile App
CUST00488,2024-12-27,Kolkata,Mobile App
CUST00489,2024-06-14,Delhi,Mobile App
CUST00490,2024-08-09,Kochi,Website
CUST00491,2023-08-03,Ahmedabad,Mobile App
CUST00492,2023-08-02,Ahmedabad,Website
CUST00493,2024-02-28,Mumbai,Retail Store
CUST00494,2023-01-29,Ahmedabad,Marketplace
CUST00495,2023-11-23,Jaipur,Website
CUST00496,2024-10-22,Ahmedabad,Marketplace
CUST00497,2024-01-28,Kochi,Website
CUST00498,2023-06-10,Kolkata,Mobile App
CUST00499,2024-03-30,Ahmedabad,Retail Store
CUST00500,2023-05-05,Delhi,Marketplace
CUST00501,2024-08-27,Ahmedabad,Website
CUST00502,2023-01-27,Kolkata,Mobile App
CUST00503,2024-01-18,Kochi,Website
CUST00504,2024-07-02,Hyderabad,Website
CUST00505,2023-01-27,Kolkata,Website
CUST00506,2024-09-16,Kochi,Retail Store
CUST00507,2023-05-12,Mumbai,Marketplace
CUST00508,2024-03-24,Ahmedabad,Retail Store
CUST00509,2023-02-18,Hyderabad,Retail Store
CUST00510,2024-01-04,Delhi,Mobile App
CUST00511,2023-07-25,Chennai,Website
CUST00512,2023-11-14,Delhi,Mobile App
CUST00513,2025-01-09,Pune,Mobile App
CUST00514,2024-01-04,Mumbai,Website
CUST00515,2024-12-31,Ahmedabad,Website
CUST00516,2025-03-19,Chennai,Mobile App
CUST00517,2023-09-03,Bengaluru,Marketplace
CUST00518,2023-03-21,Chennai,Mobile App
CUST00519,2023-01-19,Pune,Website
CUST00520,2024-06-08,Jaipur,Retail Store
CUST00521,2025-08-29,Chennai,Mobile App
CUST00522,2023-12-07,Hyderabad,Retail Store
CUST00523,2024-09-23,Hyderabad,Marketplace
CUST00524,2025-01-29,Ahmedabad,Marketplace
CUST00525,2024-09-25,Hyderabad,Mobile App
CUST00526,2025-01-03,Chennai,Retail Store
CUST00527,2025-07-12,Ahmedabad,Marketplace
CUST00528,2023-07-13,Pune,Retail Store
CUST00529,2023-01-20,Delhi,Retail Store
CUST00530,2023-05-29,Kolkata,Marketplace
CUST00531,2023-05-03,Jaipur,Website
CUST00532,2024-10-12,Kolkata,Website
CUST00533,2024-07-02,Jaipur,Website
CUST00534,2023-07-31,Chennai,Mobile App
CUST00535,2024-11-10,Hyderabad,Mobile App
CUST00536,2025-01-15,Chennai,Website
CUST00537,2023-06-13,Delhi,Mobile App
CUST00538,2024-08-13,Kochi,Retail Store
CUST00539,2024-12-27,Jaipur,Website
CUST00540,2023-04-22,Kochi,Website
CUST00541,2025-03-07,Bengaluru,Mobile App
CUST00542,2025-07-26,Ahmedabad,Marketplace
CUST00543,2023-04-16,Hyderabad,Mobile App
CUST00544,2023-01-25,Bengaluru,Website
CUST00545,2023-10-31,Mumbai,Website
CUST00546,2024-10-20,Ahmedabad,Website
CUST00547,2025-07-20,Delhi,Retail Store
CUST00548,2024-01-21,Pune,Website
CUST00549,2024-11-25,Chennai,Mobile App
CUST00550,2023-03-15,Jaipur,Website
CUST00551,2024-11-02,Pune,Retail Store
CUST00552,2024-09-01,Bengaluru,Retail Store
CUST00553,2023-04-10,Kochi,Website
CUST00554,2025-01-20,Hyderabad,Website
CUST00555,2025-04-06,Chennai,Website
CUST00556,2024-08-06,Ahmedabad,Marketplace
CUST00557,2023-04-28,Chennai,Website
CUST00558,2025-08-14,Chennai,Mobile App
CUST00559,2025-01-30,Chennai,Website
CUST00560,2023-12-04,Hyderabad,Website
CUST00561,2024-02-21,Bengaluru,Marketplace
CUST00562,2023-12-27,Ahmedabad,Website
CUST00563,2024-05-06,Delhi,Mobile App
CUST00564,2023-11-28,Kochi,Marketplace
CUST00565,2025-04-05,Mumbai,Retail Store
CUST00566,2025-03-10,Delhi,Marketplace
CUST00567,2023-04-13,Kochi,Website
CUST00568,2025-07-22,Jaipur,Website
CUST00569,2024-09-09,Delhi,Retail Store
CUST00570,2025-03-16,Delhi,Website
CUST00571,2024-11-18,Pune,Retail Store
CUST00572,2024-02-28,Kochi,Website
CUST00573,2024-12-14,Pune,Marketplace
CUST00574,2025-07-27,Jaipur,Website
CUST00575,2023-09-20,Pune,Website
CUST00576,2025-02-24,Mumbai,Website
CUST00577,2024-06-07,Chennai,Retail Store
CUST00578,2024-04-14,Delhi,Mobile App
CUST00579,2024-02-28,Mumbai,Website
CUST00580,2024-12-11,Mumbai,Website
CUST00581,2023-09-18,Kolkata,Mobile App
CUST00582,2025-04-07,Bengaluru,Mobile App
CUST00583,2025-03-18,Chennai,Mobile App
CUST00584,2023-03-26,Bengaluru,Mobile App
CUST00585,2025-05-06,Delhi,Marketplace
CUST00586,2023-08-26,Mumbai,Mobile App
CUST00587,2024-03-27,Jaipur,Website
CUST00588,2024-08-16,Mumbai,Website
CUST00589,2024-01-04,Ahmedabad,Retail Store
CUST00590,2023-01-28,Kolkata,Mobile App
CUST00591,2025-04-07,Ahmedabad,Mobile App
CUST00592,2023-06-26,Ahmedabad,Website
CUST00593,2023-07-26,Bengaluru,Website
CUST00594,2025-02-14,Pune,Website
CUST00595,2023-11-27,Hyderabad,Mobile App
CUST00596,2025-05-05,Kochi,Mobile App
CUST00597,2024-11-12,Chennai,Website
CUST00598,2023-09-26,Kochi,Mobile App
CUST00599,2023-01-10,Ahmedabad,Mobile App
CUST00600,2025-07-10,Kolkata,Website
CUST00601,2023-03-25,Bengaluru,Retail Store
CUST00602,2024-11-30,Jaipur,Mobile App
CUST00603,2024-04-19,Delhi,Mobile App
CUST00604,2025-01-06,Delhi,Website
CUST00605,2024-11-02,Ahmedabad,Website
CUST00606,2024-09-19,Bengaluru,Website
CUST00607,2024-04-22,Chennai,Mobile App
CUST00608,2025-02-09,Chennai,Marketplace
CUST00609,2023-04-01,Ahmedabad,Website
CUST00610,2023-08-04,Bengaluru,Website
CUST00611,2024-11-03,Bengaluru,Mobile App
CUST00612,2023-10-25,Chennai,Retail Store
CUST00613,2024-07-19,Jaipur,Website
CUST00614,2024-04-05,Jaipur,Mobile App
CUST00615,2024-05-31,Bengaluru,Website
CUST00616,2024-02-18,Kolkata,Retail Store
CUST00617,2024-12-26,Mumbai,Marketplace
CUST00618,2023-11-18,Kochi,Website
CUST00619,2024-11-14,Bengaluru,Mobile App
CUST00620,2023-09-21,Delhi,Website
CUST00621,2023-09-02,Ahmedabad,Website
CUST00622,2023-04-28,Bengaluru,Website
CUST00623,2023-07-07,Jaipur,Website
CUST00624,2023-04-27,Hyderabad,Mobile App
CUST00625,2024-06-04,Kolkata,Retail Store
CUST00626,2025-01-10,Kochi,Mobile App
CUST00627,2023-06-29,Jaipur,Website
CUST00628,2023-07-30,Hyderabad,Website
CUST00629,2024-04-15,Hyderabad,Mobile App
CUST00630,2024-12-05,Hyderabad,Marketplace
CUST00631,2025-08-07,Chennai,Website
CUST00632,2024-05-24,Pune,Mobile App
CUST00633,2023-10-03,Kolkata,Website
CUST00634,2023-04-08,Mumbai,Website
CUST00635,2023-07-08,Jaipur,Website
CUST00636,2023-08-10,Kolkata,Mobile App
CUST00637,2023-06-24,Pune,Website
CUST00638,2023-01-14,Chennai,Retail Store
CUST00639,2024-06-03,Kochi,Mobile App
CUST00640,2023-09-24,Mumbai,Website
CUST00641,2025-08-05,Kochi,Website
CUST00642,2024-06-21,Bengaluru,Website
CUST00643,2024-11-08,Kolkata,Mobile App
CUST00644,2023-05-03,Ahmedabad,Website
CUST00645,2025-04-24,Delhi,Retail Store
CUST00646,2024-04-22,Bengaluru,Website
CUST00647,2025-04-28,Bengaluru,Website
CUST00648,2024-07-11,Kochi,Mobile App
CUST00649,2024-04-01,Hyderabad,Website
CUST00650,2024-03-04,Kolkata,Marketplace
CUST00651,2023-06-29,Mumbai,Website
CUST00652,2023-02-19,Hyderabad,Marketplace
CUST00653,2025-07-03,Pune,Retail Store
CUST00654,2024-04-09,Hyderabad,Website
CUST00655,2025-03-10,Mumbai,Mobile App
CUST00656,2024-01-25,Kolkata,Website
CUST00657,2023-03-14,Kolkata,Mobile App
CUST00658,2024-09-03,Delhi,Mobile App
CUST00659,2023-02-22,Chennai,Website
CUST00660,2023-05-26,Mumbai,Mobile App
CUST00661,2024-07-01,Ahmedabad,Marketplace
CUST00662,2023-10-23,Chennai,Mobile App
CUST00663,2025-08-24,Kochi,Website
CUST00664,2023-04-26,Kolkata,Website
CUST00665,2025-01-13,Kolkata,Website
CUST00666,2024-08-12,Chennai,Website
CUST00667,2025-02-07,Kochi,Mobile App
CUST00668,2023-08-08,Chennai,Website
CUST00669,2024-05-22,Bengaluru,Website
CUST00670,2024-03-13,Kochi,Website
CUST00671,2024-03-06,Bengaluru,Website
CUST00672,2025-04-16,Hyderabad,Mobile App
CUST00673,2025-08-20,Delhi,Website
CUST00674,2023-10-24,Pune,Website
CUST00675,2024-08-26,Bengaluru,Mobile App
CUST00676,2024-08-15,Delhi,Marketplace
CUST00677,2024-12-20,Chennai,Website
CUST00678,2025-07-10,Pune,Website
CUST00679,2023-07-21,Pune,Website
CUST00680,2023-07-25,Pune,Mobile App
CUST00681,2024-10-03,Bengaluru,Website
CUST00682,2023-06-02,Ahmedabad,Mobile App
CUST00683,2023-06-18,Kochi,Retail Store
CUST00684,2023-03-14,Ahmedabad,Mobile App
CUST00685,2023-01-03,Kochi,Mobile App
CUST00686,2024-03-13,Kochi,Website
CUST00687,2024-07-31,Chennai,Website
CUST00688,2023-10-11,Bengaluru,Mobile App
CUST00689,2023-08-13,Hyderabad,Retail Store
CUST00690,2024-11-18,Kochi,Website
CUST00691,2024-11-14,Jaipur,Website
CUST00692,2024-03-17,Ahmedabad,Mobile App
CUST00693,2024-10-30,Mumbai,Website
CUST00694,2025-06-17,Hyderabad,Website
CUST00695,2025-02-04,Bengaluru,Mobile App
CUST00696,2024-08-30,Jaipur,Website
CUST00697,2024-10-04,Kochi,Mobile App
CUST00698,2025-06-26,Mumbai,Mobile App
CUST00699,2024-02-18,Kochi,Mobile App
CUST00700,2024-06-13,Chennai,Mobile App
CUST00701,2024-09-21,Jaipur,Website
CUST00702,2025-06-01,Mumbai,Mobile App
CUST00703,2025-03-14,Chennai,Marketplace
CUST00704,2023-03-11,Bengaluru,Mobile App
CUST00705,2023-06-11,Pune,Website
CUST00706,2023-10-26,Ahmedabad,Marketplace
CUST00707,2024-12-28,Jaipur,Mobile App
CUST00708,2024-07-07,Pune,Website
CUST00709,2023-10-08,Hyderabad,Website
CUST00710,2023-05-01,Chennai,Mobile App
CUST00711,2024-10-31,Mumbai,Retail Store
CUST00712,2024-11-11,Chennai,Website
CUST00713,2025-07-05,Bengaluru,Mobile App
CUST00714,2024-05-01,Kolkata,Website
CUST00715,2024-04-24,Kochi,Retail Store
CUST00716,2023-03-20,Chennai,Website
CUST00717,2023-02-08,Pune,Marketplace
CUST00718,2024-02-24,Hyderabad,Marketplace
CUST00719,2023-11-10,Kolkata,Website
CUST00720,2023-09-01,Bengaluru,Website
CUST00721,2023-03-30,Kolkata,Mobile App
CUST00722,2025-07-23,Chennai,Retail Store
CUST00723,2025-03-23,Jaipur,Website
CUST00724,2024-07-13,Kolkata,Mobile App
CUST00725,2025-07-13,Mumbai,Website
CUST00726,2025-08-29,Pune,Marketplace
CUST00727,2024-10-15,Chennai,Marketplace
CUST00728,2023-09-19,Ahmedabad,Website
CUST00729,2023-02-09,Pune,Website
CUST00730,2025-01-05,Hyderabad,Retail Store
CUST00731,2024-04-02,Bengaluru,Mobile App
CUST00732,2024-09-25,Jaipur,Retail Store
CUST00733,2025-06-09,Jaipur,Website
CUST00734,2023-06-26,Chennai,Retail Store
CUST00735,2024-07-22,Kochi,Website
CUST00736,2024-09-09,Kolkata,Website
CUST00737,2024-04-22,Pune,Retail Store
CUST00738,2023-03-30,Kochi,Retail Store
CUST00739,2023-12-05,Pune,Mobile App
CUST00740,2023-11-20,Mumbai,Website
CUST00741,2024-10-13,Delhi,Marketplace
CUST00742,2025-04-13,Kochi,Website
CUST00743,2023-11-17,Ahmedabad,Website
CUST00744,2024-11-05,Delhi,Website
CUST00745,2023-10-08,Ahmedabad,Marketplace
CUST00746,2025-07-07,Delhi,Website
CUST00747,2025-03-01,Kochi,Marketplace
CUST00748,2024-06-18,Ahmedabad,Retail Store
CUST00749,2024-03-18,Kolkata,Mobile App
CUST00750,2023-11-02,Kolkata,Marketplace
CUST00751,2023-11-11,Delhi,Retail Store
CUST00752,2025-08-01,Pune,Retail Store
CUST00753,2024-01-28,Mumbai,Mobile App
CUST00754,2024-05-15,Chennai,Mobile App
CUST00755,2025-08-18,Bengaluru,Mobile App
CUST00756,2024-10-01,Jaipur,Retail Store
CUST00757,2024-06-11,Hyderabad,Website
CUST00758,2024-02-06,Pune,Website
CUST00759,2023-07-02,Jaipur,Website
CUST00760,2023-12-18,Kolkata,Website
CUST00761,2025-01-05,Delhi,Retail Store
CUST00762,2024-08-30,Chennai,Marketplace
CUST00763,2025-01-08,Kolkata,Website
CUST00764,2023-07-17,Jaipur,Website
CUST00765,2024-06-17,Kolkata,Marketplace
CUST00766,2025-06-20,Chennai,Website
CUST00767,2024-03-01,Chennai,Marketplace
CUST00768,2024-11-09,Chennai,Retail Store
CUST00769,2023-04-29,Pune,Website
CUST00770,2025-08-03,Ahmedabad,Mobile App
CUST00771,2024-08-14,Pune,Retail Store
CUST00772,2023-08-21,Ahmedabad,Mobile App
CUST00773,2023-06-03,Mumbai,Marketplace
CUST00774,2024-06-19,Mumbai,Website
CUST00775,2024-06-20,Pune,Mobile App
CUST00776,2023-04-01,Kochi,Mobile App
CUST00777,2025-08-22,Bengaluru,Retail Store
CUST00778,2025-06-06,Delhi,Website
CUST00779,2024-03-24,Mumbai,Website
CUST00780,2023-04-25,Kochi,Mobile App
CUST00781,2025-03-19,Bengaluru,Retail Store
CUST00782,2024-04-29,Ahmedabad,Mobile App
CUST00783,2024-11-27,Mumbai,Mobile App
CUST00784,2024-05-09,Kochi,Website
CUST00785,2023-09-23,Pune,Website
CUST00786,2025-03-22,Mumbai,Mobile App
CUST00787,2025-08-10,Delhi,Mobile App
CUST00788,2023-08-25,Pune,Mobile App
CUST00789,2024-06-19,Bengaluru,Mobile App
CUST00790,2024-01-08,Chennai,Website
CUST00791,2025-06-15,Jaipur,Mobile App
CUST00792,2024-05-09,Jaipur,Mobile App
CUST00793,2025-05-04,Kolkata,Retail Store
CUST00794,2025-04-19,Mumbai,Mobile App
CUST00795,2023-09-26,Chennai,Website
CUST00796,2025-02-06,Mumbai,Website
CUST00797,2024-02-08,Bengaluru,Website
CUST00798,2025-06-27,Bengaluru,Retail Store
CUST00799,2024-05-08,Chennai,Website
CUST00800,2025-03-08,Chennai,Mobile App
CUST00801,2023-10-02,Pune,Retail Store
CUST00802,2023-10-18,Ahmedabad,Marketplace
CUST00803,2024-07-24,Ahmedabad,Mobile App
CUST00804,2025-08-28,Pune,Website
CUST00805,2024-04-20,Ahmedabad,Website
CUST00806,2023-05-25,Delhi,Website
CUST00807,2024-06-07,Delhi,Retail Store
CUST00808,2023-12-02,Chennai,Marketplace
CUST00809,2024-06-20,Jaipur,Website
CUST00810,2024-06-12,Jaipur,Mobile App
CUST00811,2024-03-18,Mumbai,Retail Store
CUST00812,2023-11-09,Delhi,Website
CUST00813,2023-07-03,Mumbai,Retail Store
CUST00814,2024-11-08,Chennai,Website
CUST00815,2024-07-09,Chennai,Mobile App
CUST00816,2023-08-16,Kolkata,Mobile App
CUST00817,2025-01-23,Kolkata,Website
CUST00818,2023-02-12,Pune,Mobile App
CUST00819,2024-12-24,Ahmedabad,Website
CUST00820,2024-11-16,Jaipur,Website
CUST00821,2025-02-27,Bengaluru,Mobile App
CUST00822,2024-01-11,Bengaluru,Mobile App
CUST00823,2024-10-07,Pune,Mobile App
CUST00824,2025-03-08,Chennai,Website
CUST00825,2025-08-11,Chennai,Mobile App
CUST00826,2024-04-26,Hyderabad,Mobile App
CUST00827,2023-02-05,Kolkata,Website
CUST00828,2024-05-03,Ahmedabad,Website
CUST00829,2024-07-27,Mumbai,Mobile App
CUST00830,2025-04-25,Chennai,Mobile App
CUST00831,2025-04-29,Kolkata,Website
CUST00832,2024-03-03,Mumbai,Website
CUST00833,2024-05-26,Kolkata,Website
CUST00834,2024-03-20,Pune,Marketplace
CUST00835,2024-12-03,Pune,Retail Store
CUST00836,2024-02-03,Ahmedabad,Website
CUST00837,2024-09-28,Bengaluru,Website
CUST00838,2023-05-31,Chennai,Website
CUST00839,2024-04-01,Kochi,Website
CUST00840,2025-07-31,Pune,Mobile App
CUST00841,2023-11-26,Chennai,Website
CUST00842,2024-11-04,Bengaluru,Mobile App
CUST00843,2024-09-23,Jaipur,Website
CUST00844,2025-04-07,Chennai,Mobile App
CUST00845,2025-04-08,Delhi,Marketplace
CUST00846,2025-04-15,Mumbai,Mobile App
CUST00847,2024-01-05,Ahmedabad,Mobile App
CUST00848,2023-11-04,Jaipur,Website
CUST00849,2024-11-29,Hyderabad,Mobile App
CUST00850,2025-01-08,Delhi,Marketplace
CUST00851,2025-04-27,Hyderabad,Mobile App
CUST00852,2023-02-04,Ahmedabad,Website
CUST00853,2023-03-08,Pune,Retail Store
CUST00854,2024-09-05,Ahmedabad,Website
CUST00855,2025-06-14,Ahmedabad,Marketplace
CUST00856,2025-08-27,Chennai,Mobile App
CUST00857,2024-12-26,Bengaluru,Mobile App
CUST00858,2024-02-26,Hyderabad,Retail Store
CUST00859,2023-04-06,Pune,Mobile App
CUST00860,2024-09-08,Pune,Retail Store
CUST00861,2025-04-28,Jaipur,Website
CUST00862,2024-03-07,Delhi,Retail Store
CUST00863,2024-11-05,Delhi,Retail Store
CUST00864,2025-05-28,Mumbai,Website
CUST00865,2023-02-14,Kochi,Website
CUST00866,2025-02-12,Jaipur,Website
CUST00867,2023-10-13,Bengaluru,Website
CUST00868,2023-12-31,Kolkata,Marketplace
CUST00869,2023-05-22,Ahmedabad,Mobile App
CUST00870,2024-05-31,Kolkata,Retail Store
CUST00871,2024-07-04,Bengaluru,Website
CUST00872,2025-02-09,Chennai,Mobile App
CUST00873,2023-06-15,Ahmedabad,Mobile App
CUST00874,2023-03-18,Jaipur,Website
CUST00875,2025-04-26,Jaipur,Mobile App
CUST00876,2024-08-25,Pune,Retail Store
CUST00877,2023-08-23,Pune,Mobile App
CUST00878,2025-06-06,Mumbai,Retail Store
CUST00879,2023-05-20,Jaipur,Website
CUST00880,2024-03-24,Pune,Website
CUST00881,2023-09-04,Delhi,Website
CUST00882,2023-09-06,Jaipur,Retail Store
CUST00883,2023-01-10,Bengaluru,Website
CUST00884,2025-02-21,Jaipur,Website
CUST00885,2025-05-25,Hyderabad,Mobile App
CUST00886,2024-10-20,Bengaluru,Mobile App
CUST00887,2023-06-03,Pune,Mobile App
CUST00888,2024-03-05,Kochi,Website
CUST00889,2023-12-02,Kochi,Mobile App
CUST00890,2024-07-25,Kochi,Website
CUST00891,2024-09-13,Kochi,Website
CUST00892,2024-02-17,Mumbai,Website
CUST00893,2023-09-01,Kochi,Website
CUST00894,2025-04-01,Delhi,Retail Store
CUST00895,2023-07-13,Kolkata,Mobile App
CUST00896,2024-01-09,Mumbai,Mobile App
CUST00897,2024-04-14,Jaipur,Website
CUST00898,2023-08-19,Hyderabad,Mobile App
CUST00899,2024-07-09,Kolkata,Website
CUST00900,2024-07-12,Bengaluru,Mobile App
CUST00901,2025-08-22,Pune,Mobile App
CUST00902,2023-10-14,Ahmedabad,Mobile App
CUST00903,2025-08-08,Chennai,Mobile App
CUST00904,2024-10-01,Chennai,Retail Store
CUST00905,2023-09-24,Chennai,Mobile App
CUST00906,2024-07-04,Chennai,Marketplace
CUST00907,2024-10-28,Pune,Retail Store
CUST00908,2024-12-24,Jaipur,Mobile App
CUST00909,2023-02-17,Chennai,Website
CUST00910,2024-08-12,Bengaluru,Website
CUST00911,2024-04-27,Delhi,Website
CUST00912,2025-05-28,Mumbai,Website
CUST00913,2023-10-06,Kolkata,Retail Store
CUST00914,2025-02-15,Kolkata,Website
CUST00915,2024-08-13,Pune,Retail Store
CUST00916,2023-12-09,Kochi,Mobile App
CUST00917,2024-09-10,Delhi,Retail Store
CUST00918,2024-08-26,Ahmedabad,Marketplace
CUST00919,2024-10-20,Ahmedabad,Mobile App
CUST00920,2024-12-01,Hyderabad,Mobile App
CUST00921,2024-10-02,Bengaluru,Marketplace
CUST00922,2025-03-25,Jaipur,Mobile App
CUST00923,2024-09-02,Delhi,Website
CUST00924,2025-05-28,Chennai,Website
CUST00925,2024-09-20,Hyderabad,Mobile App
CUST00926,2023-10-28,Ahmedabad,Website
CUST00927,2024-03-04,Mumbai,Retail Store
CUST00928,2024-07-17,Kolkata,Website
CUST00929,2024-12-12,Hyderabad,Mobile App
CUST00930,2023-03-29,Kolkata,Website
CUST00931,2023-10-14,Kolkata,Website
CUST00932,2024-12-27,Jaipur,Website
CUST00933,2023-06-20,Jaipur,Website
CUST00934,2023-05-09,Kolkata,Mobile App
CUST00935,2024-06-08,Jaipur,Website
CUST00936,2025-08-02,Kochi,Mobile App
CUST00937,2024-05-30,Bengaluru,Website
CUST00938,2025-06-06,Bengaluru,Website
CUST00939,2025-03-18,Chennai,Mobile App
CUST00940,2023-09-07,Chennai,Retail Store
CUST00941,2025-03-12,Delhi,Mobile App
CUST00942,2024-04-13,Kolkata,Mobile App
CUST00943,2025-02-22,Mumbai,Website
CUST00944,2024-12-26,Chennai,Retail Store
CUST00945,2023-11-26,Jaipur,Mobile App
CUST00946,2023-04-22,Kochi,Retail Store
CUST00947,2025-07-24,Pune,Website
CUST00948,2023-05-17,Kochi,Website
CUST00949,2025-07-28,Kolkata,Marketplace
CUST00950,2025-04-16,Hyderabad,Mobile App
CUST00951,2024-12-04,Jaipur,Retail Store
CUST00952,2025-08-10,Jaipur,Mobile App
CUST00953,2025-07-29,Kochi,Website
CUST00954,2025-02-21,Mumbai,Website
CUST00955,2023-12-22,Bengaluru,Marketplace
CUST00956,2025-02-07,Kochi,Website
CUST00957,2023-01-14,Mumbai,Mobile App
CUST00958,2024-06-05,Hyderabad,Marketplace
CUST00959,2024-03-18,Kochi,Mobile App
CUST00960,2024-10-15,Mumbai,Mobile App
CUST00961,2024-10-15,Pune,Mobile App
CUST00962,2024-07-22,Kochi,Retail Store
CUST00963,2025-03-10,Kolkata,Website
CUST00964,2025-07-02,Delhi,Website
CUST00965,2023-04-16,Bengaluru,Website
CUST00966,2023-08-16,Ahmedabad,Website
CUST00967,2023-01-25,Pune,Website
CUST00968,2025-05-09,Delhi,Website
CUST00969,2024-06-29,Kochi,Marketplace
CUST00970,2025-06-08,Mumbai,Mobile App
CUST00971,2023-08-04,Jaipur,Website
CUST00972,2023-03-03,Chennai,Marketplace
CUST00973,2025-03-11,Ahmedabad,Mobile App
CUST00974,2025-06-02,Chennai,Marketplace
CUST00975,2023-10-21,Ahmedabad,Marketplace
CUST00976,2024-02-01,Chennai,Mobile App
CUST00977,2023-05-16,Hyderabad,Mobile App
CUST00978,2025-07-08,Delhi,Marketplace
CUST00979,2023-10-23,Hyderabad,Mobile App
CUST00980,2024-04-23,Delhi,Marketplace
CUST00981,2023-04-05,Hyderabad,Retail Store
CUST00982,2025-05-12,Delhi,Mobile App
CUST00983,2023-05-12,Ahmedabad,Website
CUST00984,2024-03-16,Chennai,Mobile App
CUST00985,2024-10-13,Hyderabad,Website
CUST00986,2024-12-23,Kochi,Mobile App
CUST00987,2025-07-08,Kolkata,Retail Store
CUST00988,2024-02-12,Kolkata,Retail Store
CUST00989,2024-12-22,Pune,Website
CUST00990,2023-05-31,Hyderabad,Marketplace
CUST00991,2024-02-08,Bengaluru,Website
CUST00992,2023-04-07,Ahmedabad,Mobile App
CUST00993,2024-04-20,Ahmedabad,Website
CUST00994,2024-02-01,Jaipur,Website
CUST00995,2025-07-13,Jaipur,Mobile App
CUST00996,2023-02-01,Pune,Website
CUST00997,2023-12-27,Kochi,Website
CUST00998,2024-03-06,Mumbai,Mobile App
CUST00999,2025-07-12,Jaipur,Website
CUST01000,2025-04-11,Delhi,Website
CUST01001,2023-04-07,Kolkata,Website
CUST01002,2024-10-28,Ahmedabad,Website
CUST01003,2024-06-13,Pune,Website
CUST01004,2025-08-08,Jaipur,Marketplace
CUST01005,2023-12-15,Pune,Website
CUST01006,2024-01-22,Ahmedabad,Mobile App
CUST01007,2023-07-04,Delhi,Retail Store
CUST01008,2023-04-29,Hyderabad,Website
CUST01009,2025-04-04,Mumbai,Marketplace
CUST01010,2024-03-17,Bengaluru,Mobile App
CUST01011,2024-10-06,Delhi,Mobile App
CUST01012,2024-09-15,Mumbai,Marketplace
CUST01013,2024-08-03,Pune,Website
CUST01014,2023-01-21,Pune,Marketplace
CUST01015,2025-02-03,Mumbai,Marketplace
CUST01016,2023-08-25,Kolkata,Retail Store
CUST01017,2023-05-03,Pune,Marketplace
CUST01018,2024-07-02,Hyderabad,Retail Store
CUST01019,2023-03-08,Mumbai,Website
CUST01020,2025-01-13,Kochi,Website
CUST01021,2023-07-21,Chennai,Website
CUST01022,2023-07-29,Jaipur,Mobile App
CUST01023,2025-04-25,Pune,Retail Store
CUST01024,2023-11-16,Ahmedabad,Website
CUST01025,2023-05-24,Bengaluru,Website
CUST01026,2025-05-25,Ahmedabad,Mobile App
CUST01027,2023-01-03,Pune,Website
CUST01028,2025-04-14,Chennai,Retail Store
CUST01029,2023-05-21,Kochi,Mobile App
CUST01030,2023-05-07,Delhi,Website
CUST01031,2023-09-01,Kolkata,Retail Store
CUST01032,2023-06-19,Jaipur,Website
CUST01033,2024-10-04,Kolkata,Mobile App
CUST01034,2023-01-26,Pune,Marketplace
CUST01035,2023-01-15,Ahmedabad,Website
CUST01036,2025-02-06,Delhi,Website
CUST01037,2023-08-20,Kolkata,Website
CUST01038,2023-11-11,Hyderabad,Marketplace
CUST01039,2023-06-19,Hyderabad,Mobile App
CUST01040,2023-02-20,Kochi,Website
CUST01041,2024-12-21,Chennai,Mobile App
CUST01042,2024-05-26,Mumbai,Mobile App
CUST01043,2024-12-25,Ahmedabad,Website
CUST01044,2024-04-07,Kolkata,Mobile App
CUST01045,2025-01-26,Hyderabad,Mobile App
CUST01046,2024-05-13,Hyderabad,Website
CUST01047,2023-04-17,Delhi,Website
CUST01048,2024-05-04,Pune,Mobile App
CUST01049,2025-07-07,Ahmedabad,Mobile App
CUST01050,2023-02-12,Kochi,Website
CUST01051,2025-01-31,Jaipur,Marketplace
CUST01052,2025-04-22,Jaipur,Retail Store
CUST01053,2024-05-21,Delhi,Retail Store
CUST01054,2024-03-21,Kochi,Retail Store
CUST01055,2025-07-26,Bengaluru,Mobile App
CUST01056,2023-03-01,Jaipur,Mobile App
CUST01057,2024-04-10,Bengaluru,Marketplace
CUST01058,2024-01-26,Bengaluru,Website
CUST01059,2024-10-28,Jaipur,Marketplace
CUST01060,2024-04-21,Delhi,Mobile App
CUST01061,2025-06-03,Pune,Website
CUST01062,2023-03-13,Jaipur,Mobile App
CUST01063,2023-03-20,Delhi,Mobile App
CUST01064,2024-08-14,Ahmedabad,Website
CUST01065,2023-03-05,Jaipur,Mobile App
CUST01066,2023-09-25,Mumbai,Mobile App
CUST01067,2024-09-07,Jaipur,Website
CUST01068,2024-06-17,Kochi,Website
CUST01069,2023-11-13,Ahmedabad,Mobile App
CUST01070,2025-08-24,Hyderabad,Mobile App
CUST01071,2024-05-30,Kolkata,Website
CUST01072,2024-03-17,Mumbai,Mobile App
CUST01073,2024-08-11,Kochi,Website
CUST01074,2023-04-07,Kolkata,Website
CUST01075,2024-11-13,Bengaluru,Mobile App
CUST01076,2025-04-08,Mumbai,Marketplace
CUST01077,2024-09-24,Bengaluru,Marketplace
CUST01078,2025-01-17,Ahmedabad,Website
CUST01079,2024-12-01,Kolkata,Website
CUST01080,2023-07-29,Pune,Retail Store
CUST01081,2024-03-14,Kolkata,Website
CUST01082,2023-08-11,Kolkata,Mobile App
CUST01083,2023-11-26,Kolkata,Website
CUST01084,2024-03-16,Jaipur,Website
CUST01085,2024-02-09,Chennai,Website
CUST01086,2023-04-03,Jaipur,Website
CUST01087,2024-02-19,Pune,Mobile App
CUST01088,2024-10-08,Delhi,Retail Store
CUST01089,2023-12-30,Mumbai,Marketplace
CUST01090,2023-05-29,Ahmedabad,Mobile App
CUST01091,2025-06-16,Jaipur,Mobile App
CUST01092,2023-03-07,Kolkata,Retail Store
CUST01093,2025-03-19,Delhi,Mobile App
CUST01094,2023-04-01,Pune,Website
CUST01095,2023-04-04,Bengaluru,Website
CUST01096,2024-12-19,Kolkata,Mobile App
CUST01097,2025-02-28,Mumbai,Website
CUST01098,2024-06-24,Bengaluru,Website
CUST01099,2024-07-24,Mumbai,Mobile App
CUST01100,2024-06-29,Mumbai,Website
CUST01101,2023-11-17,Mumbai,Website
CUST01102,2023-04-29,Delhi,Mobile App
CUST01103,2023-12-10,Mumbai,Website
CUST01104,2024-10-08,Hyderabad,Website
CUST01105,2024-12-30,Kochi,Website
CUST01106,2025-04-23,Kochi,Retail Store
CUST01107,2024-12-01,Chennai,Website
CUST01108,2025-07-30,Pune,Marketplace
CUST01109,2024-08-06,Jaipur,Website
CUST01110,2023-12-08,Hyderabad,Website
CUST01111,2024-07-15,Jaipur,Marketplace
CUST01112,2023-07-26,Pune,Mobile App
CUST01113,2024-09-30,Kolkata,Mobile App
CUST01114,2023-08-06,Mumbai,Marketplace
CUST01115,2023-04-16,Kolkata,Retail Store
CUST01116,2025-04-01,Chennai,Mobile App
CUST01117,2023-12-24,Kolkata,Website
CUST01118,2025-01-11,Kolkata,Website
CUST01119,2024-07-12,Jaipur,Mobile App
CUST01120,2025-02-23,Delhi,Website
CUST01121,2025-04-01,Pune,Retail Store
CUST01122,2025-08-05,Mumbai,Mobile App
CUST01123,2025-03-06,Kolkata,Mobile App
CUST01124,2024-08-19,Pune,Website
CUST01125,2024-09-16,Hyderabad,Website
CUST01126,2023-01-26,Bengaluru,Marketplace
CUST01127,2025-06-22,Chennai,Website
CUST01128,2025-03-17,Delhi,Website
CUST01129,2023-09-17,Kolkata,Mobile App
CUST01130,2023-06-25,Kochi,Website
CUST01131,2024-11-14,Bengaluru,Website
CUST01132,2023-10-28,Kochi,Mobile App
CUST01133,2023-11-27,Jaipur,Website
CUST01134,2023-01-06,Delhi,Retail Store
CUST01135,2025-04-25,Chennai,Website
CUST01136,2024-07-04,Mumbai,Website
CUST01137,2024-01-25,Delhi,Marketplace
CUST01138,2023-05-18,Bengaluru,Mobile App
CUST01139,2024-09-07,Ahmedabad,Marketplace
CUST01140,2023-01-30,Kochi,Mobile App
CUST01141,2024-12-26,Kolkata,Marketplace
CUST01142,2023-07-29,Jaipur,Website
CUST01143,2024-02-13,Hyderabad,Website
CUST01144,2023-11-28,Jaipur,Mobile App
CUST01145,2023-12-26,Hyderabad,Website
CUST01146,2024-12-02,Jaipur,Retail Store
CUST01147,2025-01-25,Ahmedabad,Website
CUST01148,2024-07-05,Ahmedabad,Retail Store
CUST01149,2023-03-24,Chennai,Marketplace
CUST01150,2023-02-21,Chennai,Website
CUST01151,2023-06-03,Mumbai,Mobile App
CUST01152,2024-08-23,Delhi,Mobile App
CUST01153,2024-10-17,Mumbai,Website
CUST01154,2023-09-22,Kochi,Mobile App
CUST01155,2024-10-05,Kolkata,Website
CUST01156,2024-04-17,Delhi,Website
CUST01157,2024-03-05,Kolkata,Mobile App
CUST01158,2023-09-23,Delhi,Mobile App
CUST01159,2025-01-03,Chennai,Website
CUST01160,2023-04-21,Ahmedabad,Marketplace
CUST01161,2024-02-22,Ahmedabad,Mobile App
CUST01162,2023-10-03,Chennai,Website
CUST01163,2024-10-21,Jaipur,Mobile App
CUST01164,2024-04-18,Jaipur,Marketplace
CUST01165,2024-10-10,Mumbai,Mobile App
CUST01166,2023-02-14,Bengaluru,Marketplace
CUST01167,2024-01-20,Mumbai,Retail Store
CUST01168,2024-08-05,Kolkata,Website
CUST01169,2023-01-08,Delhi,Website
CUST01170,2023-10-20,Pune,Website
CUST01171,2023-07-25,Jaipur,Mobile App
CUST01172,2023-05-14,Mumbai,Mobile App
CUST01173,2023-09-06,Kochi,Marketplace
CUST01174,2023-11-15,Ahmedabad,Website
CUST01175,2023-01-08,Jaipur,Mobile App
CUST01176,2024-12-27,Mumbai,Website
CUST01177,2023-06-20,Hyderabad,Mobile App
CUST01178,2024-01-05,Hyderabad,Website
CUST01179,2024-11-14,Kolkata,Retail Store
CUST01180,2024-05-01,Pune,Website
CUST01181,2025-03-21,Bengaluru,Mobile App
CUST01182,2025-02-22,Delhi,Website
CUST01183,2023-03-12,Jaipur,Website
CUST01184,2025-04-17,Chennai,Website
CUST01185,2023-02-11,Kolkata,Website
CUST01186,2023-01-19,Kolkata,Mobile App
CUST01187,2025-06-14,Delhi,Marketplace
CUST01188,2025-04-17,Delhi,Website
CUST01189,2024-07-13,Bengaluru,Mobile App
CUST01190,2024-07-11,Mumbai,Website
CUST01191,2024-11-20,Kolkata,Website
CUST01192,2024-02-10,Ahmedabad,Website
CUST01193,2023-04-22,Mumbai,Mobile App
CUST01194,2023-01-21,Bengaluru,Mobile App
CUST01195,2023-11-12,Kolkata,Mobile App
CUST01196,2025-02-17,Chennai,Mobile App
CUST01197,2024-08-23,Bengaluru,Retail Store
CUST01198,2025-03-19,Mumbai,Website
CUST01199,2025-06-13,Kochi,Mobile App
CUST01200,2023-03-27,Mumbai,Marketplace
CUST01201,2025-03-31,Hyderabad,Retail Store
CUST01202,2023-08-25,Kochi,Mobile App
CUST01203,2024-07-26,Pune,Marketplace
CUST01204,2024-05-24,Chennai,Website
CUST01205,2024-01-20,Delhi,Mobile App
CUST01206,2023-10-29,Kolkata,Marketplace
CUST01207,2023-11-27,Hyderabad,Website
CUST01208,2023-11-20,Delhi,Mobile App
CUST01209,2023-06-13,Kolkata,Mobile App
CUST01210,2024-05-11,Jaipur,Website
CUST01211,2023-04-21,Pune,Retail Store
CUST01212,2024-05-10,Bengaluru,Mobile App
CUST01213,2025-05-30,Chennai,Website
CUST01214,2023-12-06,Kolkata,Website
CUST01215,2024-12-08,Bengaluru,Website
CUST01216,2025-03-07,Kochi,Marketplace
CUST01217,2025-03-03,Kolkata,Marketplace
CUST01218,2023-08-18,Chennai,Website
CUST01219,2023-05-23,Hyderabad,Retail Store
CUST01220,2023-07-11,Ahmedabad,Mobile App
CUST01221,2024-08-08,Chennai,Mobile App
CUST01222,2025-01-08,Kolkata,Mobile App
CUST01223,2024-09-29,Kochi,Mobile App
CUST01224,2023-06-22,Bengaluru,Retail Store
CUST01225,2025-01-21,Hyderabad,Retail Store
CUST01226,2024-04-25,Bengaluru,Website
CUST01227,2025-01-03,Pune,Website
CUST01228,2025-01-08,Pune,Mobile App
CUST01229,2024-03-12,Chennai,Website
CUST01230,2025-06-17,Bengaluru,Website
CUST01231,2024-07-02,Hyderabad,Mobile App
CUST01232,2024-09-09,Hyderabad,Website
CUST01233,2024-08-30,Bengaluru,Website
CUST01234,2025-04-20,Ahmedabad,Mobile App
CUST01235,2024-09-01,Jaipur,Website
CUST01236,2023-05-27,Mumbai,Website
CUST01237,2023-03-08,Jaipur,Website
CUST01238,2024-03-05,Kochi,Retail Store
CUST01239,2023-10-22,Kolkata,Website
CUST01240,2023-09-24,Kolkata,Website
CUST01241,2023-02-24,Bengaluru,Mobile App
CUST01242,2024-05-08,Jaipur,Marketplace
CUST01243,2023-10-29,Delhi,Mobile App
CUST01244,2024-03-15,Pune,Mobile App
CUST01245,2023-02-25,Pune,Website
CUST01246,2025-03-19,Hyderabad,Website
CUST01247,2023-03-16,Pune,Website
CUST01248,2025-04-20,Kolkata,Website
CUST01249,2025-04-11,Hyderabad,Mobile App
CUST01250,2024-08-20,Bengaluru,Website
CUST01251,2024-05-07,Delhi,Mobile App
CUST01252,2024-03-25,Ahmedabad,Mobile App
CUST01253,2024-06-22,Delhi,Mobile App
CUST01254,2025-02-08,Pune,Website
CUST01255,2025-05-20,Kolkata,Website
CUST01256,2024-03-13,Kochi,Website
CUST01257,2025-02-26,Chennai,Mobile App
CUST01258,2024-09-25,Kolkata,Retail Store
CUST01259,2023-11-09,Kochi,Website
CUST01260,2024-04-07,Chennai,Mobile App
CUST01261,2023-05-27,Delhi,Mobile App
CUST01262,2023-03-02,Pune,Marketplace
CUST01263,2023-04-11,Chennai,Website
CUST01264,2025-05-23,Ahmedabad,Marketplace
CUST01265,2023-11-30,Delhi,Website
CUST01266,2024-11-25,Hyderabad,Retail Store
CUST01267,2024-05-05,Kolkata,Website
CUST01268,2023-06-17,Kochi,Website
CUST01269,2023-08-29,Jaipur,Website
CUST01270,2024-03-01,Jaipur,Website
CUST01271,2024-03-03,Ahmedabad,Marketplace
CUST01272,2024-05-23,Delhi,Mobile App
CUST01273,2023-06-04,Hyderabad,Retail Store
CUST01274,2023-12-29,Bengaluru,Retail Store
CUST01275,2023-10-02,Kolkata,Mobile App
CUST01276,2024-02-02,Pune,Mobile App
CUST01277,2023-11-25,Delhi,Website
CUST01278,2024-08-04,Pune,Mobile App
CUST01279,2025-02-06,Kolkata,Website
CUST01280,2024-09-21,Kochi,Mobile App
CUST01281,2023-03-06,Kolkata,Mobile App
CUST01282,2023-04-02,Kolkata,Mobile App
CUST01283,2024-10-21,Chennai,Mobile App
CUST01284,2023-10-04,Jaipur,Mobile App
CUST01285,2024-12-04,Bengaluru,Website
CUST01286,2024-09-30,Delhi,Mobile App
CUST01287,2025-05-30,Chennai,Website
CUST01288,2025-04-28,Kochi,Website
CUST01289,2023-11-21,Kolkata,Marketplace
CUST01290,2024-07-20,Chennai,Marketplace
CUST01291,2023-05-18,Kolkata,Website
CUST01292,2023-12-07,Bengaluru,Website
CUST01293,2025-07-29,Jaipur,Mobile App
CUST01294,2024-11-09,Jaipur,Mobile App
CUST01295,2024-01-16,Kochi,Website
CUST01296,2024-08-01,Chennai,Website
CUST01297,2025-06-30,Kochi,Mobile App
CUST01298,2023-10-28,Pune,Website
CUST01299,2024-01-02,Mumbai,Mobile App
CUST01300,2025-02-08,Hyderabad,Website
CUST01301,2025-03-01,Bengaluru,Website
CUST01302,2024-10-13,Pune,Website
CUST01303,2025-03-16,Chennai,Mobile App
CUST01304,2024-12-19,Delhi,Mobile App
CUST01305,2024-10-28,Chennai,Mobile App
CUST01306,2024-05-26,Ahmedabad,Mobile App
CUST01307,2024-09-19,Ahmedabad,Website
CUST01308,2024-02-16,Hyderabad,Website
CUST01309,2023-12-18,Bengaluru,Website
CUST01310,2023-12-19,Chennai,Mobile App
CUST01311,2023-06-25,Pune,Marketplace
CUST01312,2023-07-28,Delhi,Mobile App
CUST01313,2025-07-10,Jaipur,Website
CUST01314,2024-04-17,Jaipur,Mobile App
CUST01315,2023-08-09,Ahmedabad,Website
CUST01316,2023-05-14,Kolkata,Mobile App
CUST01317,2023-03-17,Pune,Mobile App
CUST01318,2025-03-31,Kolkata,Website
CUST01319,2023-04-09,Kochi,Retail Store
CUST01320,2025-01-19,Ahmedabad,Mobile App
CUST01321,2025-03-22,Kolkata,Website
CUST01322,2025-05-08,Delhi,Website
CUST01323,2023-02-06,Bengaluru,Mobile App
CUST01324,2023-11-24,Jaipur,Website
CUST01325,2025-01-14,Chennai,Website
CUST01326,2023-05-08,Bengaluru,Website
CUST01327,2024-01-02,Ahmedabad,Mobile App
CUST01328,2023-06-07,Chennai,Mobile App
CUST01329,2025-03-19,Kochi,Website
CUST01330,2025-01-19,Bengaluru,Website
CUST01331,2025-02-25,Ahmedabad,Mobile App
CUST01332,2023-06-10,Hyderabad,Marketplace
CUST01333,2024-03-01,Kochi,Website
CUST01334,2024-02-04,Pune,Website
CUST01335,2024-10-19,Delhi,Website
CUST01336,2023-08-19,Pune,Website
CUST01337,2024-03-07,Pune,Mobile App
CUST01338,2023-10-04,Kolkata,Mobile App
CUST01339,2024-12-28,Kochi,Website
CUST01340,2024-03-12,Pune,Mobile App
CUST01341,2024-06-03,Jaipur,Mobile App
CUST01342,2023-10-28,Pune,Mobile App
CUST01343,2025-02-24,Ahmedabad,Website
CUST01344,2024-03-31,Pune,Website
CUST01345,2025-03-22,Ahmedabad,Mobile App
CUST01346,2023-12-24,Chennai,Marketplace
CUST01347,2025-07-09,Ahmedabad,Website
CUST01348,2025-08-14,Kolkata,Marketplace
CUST01349,2024-03-24,Jaipur,Mobile App
CUST01350,2023-10-01,Kolkata,Mobile App
CUST01351,2024-01-07,Kolkata,Mobile App
CUST01352,2024-05-27,Ahmedabad,Mobile App
CUST01353,2025-07-28,Bengaluru,Mobile App
CUST01354,2025-03-05,Delhi,Website
CUST01355,2025-02-17,Hyderabad,Website
CUST01356,2023-05-15,Hyderabad,Website
CUST01357,2023-09-01,Ahmedabad,Mobile App
CUST01358,2024-09-15,Ahmedabad,Mobile App
CUST01359,2025-04-29,Bengaluru,Mobile App
CUST01360,2024-06-23,Hyderabad,Retail Store
CUST01361,2023-04-10,Chennai,Mobile App
CUST01362,2025-04-02,Mumbai,Retail Store
CUST01363,2025-04-07,Ahmedabad,Mobile App
CUST01364,2023-10-05,Kolkata,Website
CUST01365,2025-01-11,Delhi,Website
CUST01366,2023-09-23,Mumbai,Mobile App
CUST01367,2025-05-29,Chennai,Retail Store
CUST01368,2023-05-24,Bengaluru,Mobile App
CUST01369,2024-03-01,Bengaluru,Retail Store
CUST01370,2025-07-08,Delhi,Website
CUST01371,2023-08-04,Kochi,Mobile App
CUST01372,2024-03-14,Kochi,Mobile App
CUST01373,2023-12-06,Pune,Mobile App
CUST01374,2023-01-26,Delhi,Retail Store
CUST01375,2023-02-21,Mumbai,Mobile App
CUST01376,2024-05-02,Jaipur,Website
CUST01377,2023-08-18,Jaipur,Website
CUST01378,2025-08-24,Hyderabad,Website
CUST01379,2023-12-31,Hyderabad,Marketplace
CUST01380,2023-01-28,Jaipur,Marketplace
CUST01381,2025-06-23,Bengaluru,Website
CUST01382,2025-03-26,Kolkata,Marketplace
CUST01383,2024-09-23,Hyderabad,Retail Store
CUST01384,2025-02-08,Pune,Mobile App
CUST01385,2023-05-14,Pune,Website
CUST01386,2023-10-06,Chennai,Retail Store
CUST01387,2025-03-17,Kolkata,Mobile App
CUST01388,2024-11-07,Kochi,Mobile App
CUST01389,2023-05-15,Kolkata,Website
CUST01390,2024-11-16,Bengaluru,Mobile App
CUST01391,2024-03-12,Bengaluru,Website
CUST01392,2023-01-06,Hyderabad,Mobile App
CUST01393,2023-03-19,Chennai,Mobile App
CUST01394,2023-09-06,Ahmedabad,Website
CUST01395,2025-03-22,Mumbai,Retail Store
CUST01396,2024-06-17,Bengaluru,Mobile App
CUST01397,2024-12-07,Ahmedabad,Mobile App
CUST01398,2024-05-27,Chennai,Retail Store
CUST01399,2023-04-19,Jaipur,Website
CUST01400,2023-10-08,Kolkata,Retail Store
CUST01401,2023-10-20,Ahmedabad,Website
CUST01402,2023-02-16,Hyderabad,Website
CUST01403,2024-02-13,Kochi,Website
CUST01404,2025-02-10,Ahmedabad,Retail Store
CUST01405,2024-03-20,Mumbai,Website
CUST01406,2023-04-18,Ahmedabad,Website
CUST01407,2025-05-29,Pune,Mobile App
CUST01408,2024-08-03,Mumbai,Marketplace
CUST01409,2023-01-16,Kolkata,Website
CUST01410,2024-05-15,Pune,Retail Store
CUST01411,2023-08-24,Hyderabad,Website
CUST01412,2023-05-20,Hyderabad,Website
CUST01413,2024-02-22,Chennai,Website
CUST01414,2024-08-20,Chennai,Mobile App
CUST01415,2023-08-22,Pune,Website
CUST01416,2024-02-09,Hyderabad,Mobile App
CUST01417,2024-10-07,Delhi,Mobile App
CUST01418,2023-03-25,Bengaluru,Mobile App
CUST01419,2025-08-05,Mumbai,Website
CUST01420,2023-03-07,Bengaluru,Website
CUST01421,2024-05-26,Delhi,Mobile App
CUST01422,2024-05-08,Ahmedabad,Website
CUST01423,2025-08-18,Chennai,Retail Store
CUST01424,2024-06-22,Kolkata,Mobile App
CUST01425,2024-01-15,Ahmedabad,Website
CUST01426,2024-04-01,Kolkata,Website
CUST01427,2024-09-09,Bengaluru,Website
CUST01428,2025-08-11,Chennai,Retail Store
CUST01429,2023-09-04,Pune,Website
CUST01430,2023-01-16,Pune,Mobile App
CUST01431,2025-02-05,Pune,Website
CUST01432,2023-12-02,Kochi,Website
CUST01433,2024-12-13,Pune,Mobile App
CUST01434,2024-09-02,Delhi,Mobile App
CUST01435,2025-01-19,Pune,Marketplace
CUST01436,2024-12-15,Kochi,Mobile App
CUST01437,2023-11-20,Delhi,Website
CUST01438,2023-02-13,Bengaluru,Website
CUST01439,2024-06-14,Bengaluru,Mobile App
CUST01440,2025-03-01,Kolkata,Website
CUST01441,2023-06-20,Kolkata,Website
CUST01442,2025-01-27,Pune,Website
CUST01443,2024-03-27,Bengaluru,Website
CUST01444,2024-11-06,Kochi,Mobile App
CUST01445,2024-09-06,Kochi,Website
CUST01446,2025-02-27,Mumbai,Retail Store
CUST01447,2023-03-03,Hyderabad,Website
CUST01448,2025-01-24,Kochi,Mobile App
CUST01449,2024-03-20,Kolkata,Website
CUST01450,2023-10-13,Mumbai,Retail Store
CUST01451,2023-02-12,Delhi,Mobile App
CUST01452,2023-07-13,Bengaluru,Website
CUST01453,2023-02-10,Kochi,Website
CUST01454,2025-06-26,Mumbai,Marketplace
CUST01455,2024-05-15,Chennai,Website
CUST01456,2025-08-19,Kochi,Mobile App
CUST01457,2024-06-11,Jaipur,Mobile App
CUST01458,2023-09-04,Ahmedabad,Marketplace
CUST01459,2025-01-02,Bengaluru,Website
CUST01460,2023-07-05,Bengaluru,Website
CUST01461,2023-12-13,Delhi,Website
CUST01462,2025-01-28,Mumbai,Marketplace
CUST01463,2025-04-21,Kolkata,Mobile App
CUST01464,2023-11-19,Jaipur,Retail Store
CUST01465,2023-05-01,Kolkata,Mobile App
CUST01466,2023-12-24,Bengaluru,Mobile App
CUST01467,2025-05-14,Jaipur,Mobile App
CUST01468,2024-12-23,Hyderabad,Website
CUST01469,2025-05-19,Bengaluru,Mobile App
CUST01470,2024-01-11,Delhi,Marketplace
CUST01471,2025-08-04,Pune,Mobile App
CUST01472,2024-04-27,Kolkata,Mobile App
CUST01473,2024-04-28,Bengaluru,Website
CUST01474,2025-06-17,Kolkata,Mobile App
CUST01475,2024-05-19,Delhi,Website
CUST01476,2025-02-17,Bengaluru,Marketplace
CUST01477,2024-12-07,Bengaluru,Mobile App
CUST01478,2023-03-18,Kochi,Website
CUST01479,2024-08-08,Pune,Website
CUST01480,2025-03-10,Pune,Mobile App
CUST01481,2024-06-14,Pune,Mobile App
CUST01482,2023-11-09,Chennai,Mobile App
CUST01483,2023-03-19,Hyderabad,Website
CUST01484,2024-10-04,Pune,Mobile App
CUST01485,2023-10-25,Hyderabad,Mobile App
CUST01486,2024-08-08,Bengaluru,Retail Store
CUST01487,2024-02-19,Mumbai,Website
CUST01488,2024-11-01,Kolkata,Website
CUST01489,2023-12-08,Bengaluru,Website
CUST01490,2023-02-11,Kochi,Mobile App
CUST01491,2025-04-25,Ahmedabad,Mobile App
CUST01492,2023-12-09,Chennai,Website
CUST01493,2025-08-28,Kochi,Website
CUST01494,2023-09-24,Pune,Website
CUST01495,2025-08-10,Bengaluru,Retail Store
CUST01496,2025-07-10,Bengaluru,Website
CUST01497,2023-03-14,Jaipur,Website
CUST01498,2024-09-11,Mumbai,Website
CUST01499,2023-12-20,Ahmedabad,Website
CUST01500,2025-02-17,Pune,Website
CUST01501,2024-10-22,Mumbai,Mobile App
CUST01502,2025-07-15,Kolkata,Website
CUST01503,2023-05-19,Delhi,Website
CUST01504,2024-08-13,Chennai,Website
CUST01505,2025-01-29,Bengaluru,Mobile App
CUST01506,2023-02-03,Bengaluru,Mobile App
CUST01507,2023-03-07,Mumbai,Website
CUST01508,2025-01-26,Jaipur,Marketplace
CUST01509,2023-12-23,Kolkata,Website
CUST01510,2024-01-08,Ahmedabad,Retail Store
CUST01511,2024-07-05,Hyderabad,Website
CUST01512,2024-08-11,Jaipur,Mobile App
CUST01513,2024-10-22,Chennai,Website
CUST01514,2025-07-11,Kochi,Retail Store
CUST01515,2023-12-28,Kochi,Website
CUST01516,2025-01-11,Chennai,Mobile App
CUST01517,2024-07-11,Ahmedabad,Marketplace
CUST01518,2024-05-29,Delhi,Mobile App
CUST01519,2024-01-22,Jaipur,Retail Store
CUST01520,2024-09-23,Delhi,Website
CUST01521,2023-08-31,Kolkata,Website
CUST01522,2023-04-21,Jaipur,Website
CUST01523,2024-12-16,Mumbai,Marketplace
CUST01524,2024-04-30,Mumbai,Retail Store
CUST01525,2024-01-12,Kolkata,Retail Store
CUST01526,2024-06-29,Hyderabad,Website
CUST01527,2023-09-12,Jaipur,Marketplace
CUST01528,2023-09-11,Kolkata,Mobile App
CUST01529,2024-03-09,Mumbai,Marketplace
CUST01530,2025-08-26,Pune,Mobile App
CUST01531,2023-10-05,Bengaluru,Website
CUST01532,2025-06-09,Delhi,Retail Store
CUST01533,2024-04-22,Jaipur,Website
CUST01534,2023-04-30,Chennai,Mobile App
CUST01535,2025-04-08,Bengaluru,Mobile App
CUST01536,2024-03-15,Jaipur,Website
CUST01537,2025-05-23,Kolkata,Website
CUST01538,2024-03-08,Kochi,Website
CUST01539,2023-03-27,Pune,Website
CUST01540,2024-10-24,Hyderabad,Retail Store
CUST01541,2025-04-01,Kolkata,Mobile App
CUST01542,2023-11-07,Chennai,Website
CUST01543,2023-12-04,Hyderabad,Website
CUST01544,2023-03-05,Delhi,Website
CUST01545,2024-06-10,Kochi,Website
CUST01546,2025-05-16,Bengaluru,Website
CUST01547,2025-04-07,Ahmedabad,Website
CUST01548,2024-11-22,Bengaluru,Mobile App
CUST01549,2025-06-20,Delhi,Mobile App
CUST01550,2024-09-11,Ahmedabad,Website
CUST01551,2025-02-10,Bengaluru,Website
CUST01552,2024-05-09,Hyderabad,Retail Store
CUST01553,2023-04-28,Kochi,Website
CUST01554,2023-07-15,Chennai,Website
CUST01555,2023-05-15,Delhi,Marketplace
CUST01556,2025-02-07,Kolkata,Mobile App
CUST01557,2023-01-26,Hyderabad,Website
CUST01558,2024-06-22,Pune,Website
CUST01559,2023-12-25,Kolkata,Retail Store
CUST01560,2025-02-20,Jaipur,Mobile App
CUST01561,2024-06-20,Delhi,Website
CUST01562,2024-08-17,Bengaluru,Retail Store
CUST01563,2023-03-25,Pune,Website
CUST01564,2023-10-28,Mumbai,Retail Store
CUST01565,2025-08-29,Delhi,Website
CUST01566,2024-11-29,Kolkata,Website
CUST01567,2024-05-25,Bengaluru,Mobile App
CUST01568,2025-01-17,Hyderabad,Marketplace
CUST01569,2025-03-11,Bengaluru,Website
CUST01570,2023-03-13,Bengaluru,Website
CUST01571,2025-08-03,Ahmedabad,Retail Store
CUST01572,2024-09-16,Bengaluru,Marketplace
CUST01573,2024-03-13,Chennai,Website
CUST01574,2024-10-23,Ahmedabad,Website
CUST01575,2023-12-01,Kochi,Mobile App
CUST01576,2025-05-03,Kolkata,Mobile App
CUST01577,2025-01-28,Kolkata,Mobile App
CUST01578,2024-09-13,Pune,Website
CUST01579,2023-06-26,Pune,Website
CUST01580,2025-07-28,Ahmedabad,Retail Store
CUST01581,2024-02-25,Mumbai,Mobile App
CUST01582,2025-06-04,Kochi,Website
CUST01583,2023-02-23,Hyderabad,Mobile App
CUST01584,2023-05-01,Jaipur,Mobile App
CUST01585,2023-05-29,Bengaluru,Website
CUST01586,2023-06-10,Pune,Website
CUST01587,2023-11-10,Jaipur,Website
CUST01588,2024-11-20,Jaipur,Retail Store
CUST01589,2023-12-03,Kolkata,Retail Store
CUST01590,2025-07-03,Chennai,Mobile App
CUST01591,2025-05-19,Ahmedabad,Website
CUST01592,2025-04-02,Kochi,Mobile App
CUST01593,2023-09-01,Kolkata,Website
CUST01594,2024-09-09,Mumbai,Website
CUST01595,2024-06-19,Delhi,Website
CUST01596,2023-05-02,Hyderabad,Website
CUST01597,2023-10-22,Ahmedabad,Mobile App
CUST01598,2024-06-02,Kochi,Marketplace
CUST01599,2024-05-03,Pune,Website
CUST01600,2023-06-13,Delhi,Website
CUST01601,2025-07-04,Mumbai,Retail Store
CUST01602,2023-05-30,Delhi,Mobile App
CUST01603,2024-10-02,Kolkata,Website
CUST01604,2024-12-01,Pune,Website
CUST01605,2024-08-11,Kochi,Website
CUST01606,2025-03-29,Chennai,Marketplace
CUST01607,2024-07-01,Mumbai,Mobile App
CUST01608,2025-03-13,Chennai,Marketplace
CUST01609,2023-01-28,Kochi,Website
CUST01610,2023-02-14,Delhi,Retail Store
CUST01611,2024-09-15,Ahmedabad,Mobile App
CUST01612,2024-07-14,Pune,Mobile App
CUST01613,2024-09-24,Bengaluru,Website
CUST01614,2025-01-15,Kochi,Website
CUST01615,2024-02-09,Jaipur,Mobile App
CUST01616,2024-09-13,Chennai,Marketplace
CUST01617,2024-04-29,Delhi,Retail Store
CUST01618,2024-09-01,Chennai,Mobile App
CUST01619,2023-10-09,Chennai,Website
CUST01620,2025-07-18,Pune,Mobile App
CUST01621,2024-04-14,Pune,Retail Store
CUST01622,2025-02-21,Jaipur,Retail Store
CUST01623,2024-10-27,Bengaluru,Website
CUST01624,2023-10-17,Kolkata,Mobile App
CUST01625,2023-03-12,Chennai,Website
CUST01626,2023-02-28,Pune,Marketplace
CUST01627,2024-03-03,Kolkata,Retail Store
CUST01628,2024-04-15,Ahmedabad,Mobile App
CUST01629,2023-07-18,Pune,Mobile App
CUST01630,2024-08-12,Jaipur,Mobile App
CUST01631,2023-10-31,Kochi,Retail Store
CUST01632,2024-11-29,Delhi,Mobile App
CUST01633,2024-12-14,Pune,Website
CUST01634,2025-04-16,Hyderabad,Website
CUST01635,2025-08-06,Mumbai,Marketplace
CUST01636,2023-05-08,Kochi,Website
CUST01637,2023-12-27,Kochi,Website
CUST01638,2024-06-29,Kochi,Website
CUST01639,2023-11-07,Kochi,Website
CUST01640,2024-03-29,Kochi,Website
CUST01641,2023-09-17,Ahmedabad,Website
CUST01642,2023-08-29,Bengaluru,Website
CUST01643,2023-04-05,Chennai,Website
CUST01644,2023-10-10,Bengaluru,Retail Store
CUST01645,2024-01-09,Chennai,Mobile App
CUST01646,2024-08-21,Hyderabad,Website
CUST01647,2023-08-30,Bengaluru,Website
CUST01648,2025-04-21,Bengaluru,Mobile App
CUST01649,2023-06-05,Mumbai,Website
CUST01650,2023-11-15,Kolkata,Marketplace
CUST01651,2024-07-15,Kolkata,Mobile App
CUST01652,2023-10-31,Kolkata,Website
CUST01653,2025-01-11,Kolkata,Website
CUST01654,2024-04-29,Ahmedabad,Retail Store
CUST01655,2024-05-15,Kochi,Mobile App
CUST01656,2024-04-29,Delhi,Website
CUST01657,2023-10-27,Bengaluru,Retail Store
CUST01658,2023-01-23,Mumbai,Website
CUST01659,2025-07-07,Chennai,Website
CUST01660,2024-05-06,Bengaluru,Website
CUST01661,2025-07-28,Pune,Retail Store
CUST01662,2023-07-29,Pune,Mobile App
CUST01663,2023-12-10,Jaipur,Marketplace
CUST01664,2023-02-19,Bengaluru,Website
CUST01665,2024-04-26,Kochi,Retail Store
CUST01666,2025-05-07,Mumbai,Mobile App
CUST01667,2024-09-27,Pune,Mobile App
CUST01668,2024-04-02,Kolkata,Website
CUST01669,2024-06-05,Bengaluru,Website
CUST01670,2025-04-03,Delhi,Website
CUST01671,2024-02-23,Jaipur,Mobile App
CUST01672,2025-05-07,Jaipur,Website
CUST01673,2024-12-08,Hyderabad,Website
CUST01674,2025-01-12,Bengaluru,Website
CUST01675,2023-12-22,Kochi,Mobile App
CUST01676,2024-01-25,Ahmedabad,Website
CUST01677,2024-07-08,Chennai,Website
CUST01678,2023-07-09,Bengaluru,Website
CUST01679,2024-06-21,Kochi,Mobile App
CUST01680,2023-03-13,Bengaluru,Website
CUST01681,2024-05-05,Pune,Mobile App
CUST01682,2025-01-13,Bengaluru,Mobile App
CUST01683,2023-09-29,Bengaluru,Website
CUST01684,2025-08-19,Kolkata,Mobile App
CUST01685,2024-10-23,Hyderabad,Website
CUST01686,2023-04-26,Jaipur,Website
CUST01687,2025-08-05,Chennai,Retail Store
CUST01688,2024-01-18,Chennai,Website
CUST01689,2025-02-11,Mumbai,Website
CUST01690,2023-11-26,Ahmedabad,Website
CUST01691,2025-07-01,Hyderabad,Mobile App
CUST01692,2025-01-03,Pune,Retail Store
CUST01693,2023-07-13,Bengaluru,Website
CUST01694,2024-05-09,Chennai,Retail Store
CUST01695,2024-05-01,Kolkata,Marketplace
CUST01696,2023-02-14,Kochi,Website
CUST01697,2023-05-14,Mumbai,Retail Store
CUST01698,2023-11-20,Jaipur,Website
CUST01699,2024-04-05,Jaipur,Mobile App
CUST01700,2024-03-20,Ahmedabad,Mobile App
CUST01701,2024-08-12,Delhi,Mobile App
CUST01702,2024-05-16,Bengaluru,Website
CUST01703,2023-11-15,Mumbai,Mobile App
CUST01704,2024-08-18,Jaipur,Retail Store
CUST01705,2023-06-07,Kochi,Website
CUST01706,2025-08-20,Ahmedabad,Website
CUST01707,2024-12-19,Pune,Marketplace
CUST01708,2023-10-18,Delhi,Website
CUST01709,2023-11-23,Kolkata,Website
CUST01710,2025-03-16,Kolkata,Website
CUST01711,2024-06-01,Pune,Retail Store
CUST01712,2024-11-19,Hyderabad,Website
CUST01713,2023-10-19,Bengaluru,Website
CUST01714,2025-03-03,Jaipur,Website
CUST01715,2023-12-25,Chennai,Retail Store
CUST01716,2024-10-16,Jaipur,Mobile App
CUST01717,2025-08-10,Mumbai,Retail Store
CUST01718,2024-07-21,Kochi,Mobile App
CUST01719,2025-02-13,Kolkata,Website
CUST01720,2024-12-06,Pune,Website
CUST01721,2024-10-30,Kochi,Mobile App
CUST01722,2023-01-26,Bengaluru,Marketplace
CUST01723,2024-04-06,Kochi,Retail Store
CUST01724,2025-07-28,Hyderabad,Retail Store
CUST01725,2025-01-30,Chennai,Retail Store
CUST01726,2025-01-24,Hyderabad,Website
CUST01727,2024-07-15,Ahmedabad,Mobile App
CUST01728,2024-12-02,Ahmedabad,Website
CUST01729,2024-07-21,Hyderabad,Website
CUST01730,2023-06-15,Kochi,Mobile App
CUST01731,2024-09-03,Kolkata,Website
CUST01732,2024-08-25,Chennai,Mobile App
CUST01733,2025-03-28,Mumbai,Mobile App
CUST01734,2023-05-24,Hyderabad,Retail Store
CUST01735,2024-10-23,Mumbai,Website
CUST01736,2023-01-31,Hyderabad,Website
CUST01737,2025-07-10,Ahmedabad,Retail Store
CUST01738,2023-04-17,Bengaluru,Marketplace
CUST01739,2023-01-19,Delhi,Website
CUST01740,2023-11-01,Ahmedabad,Retail Store
CUST01741,2023-05-28,Chennai,Website
CUST01742,2024-11-02,Kolkata,Mobile App
CUST01743,2024-02-03,Bengaluru,Website
CUST01744,2025-01-23,Delhi,Marketplace
CUST01745,2025-06-13,Kolkata,Mobile App
CUST01746,2025-04-28,Jaipur,Retail Store
CUST01747,2024-12-16,Mumbai,Mobile App
CUST01748,2023-03-02,Pune,Website
CUST01749,2023-05-15,Jaipur,Website
CUST01750,2023-07-21,Jaipur,Retail Store
CUST01751,2023-11-12,Mumbai,Website
CUST01752,2024-10-05,Delhi,Retail Store
CUST01753,2024-05-25,Delhi,Website
CUST01754,2023-11-01,Mumbai,Marketplace
CUST01755,2023-06-18,Delhi,Website
CUST01756,2025-06-05,Ahmedabad,Mobile App
CUST01757,2023-11-29,Bengaluru,Mobile App
CUST01758,2023-12-11,Delhi,Website
CUST01759,2025-01-20,Kochi,Mobile App
CUST01760,2024-12-01,Ahmedabad,Mobile App
CUST01761,2024-09-17,Chennai,Website
CUST01762,2024-11-04,Hyderabad,Mobile App
CUST01763,2024-08-15,Bengaluru,Website
CUST01764,2023-07-06,Kolkata,Website
CUST01765,2023-08-28,Kochi,Retail Store
CUST01766,2024-06-26,Delhi,Retail Store
CUST01767,2023-08-07,Delhi,Mobile App
CUST01768,2025-08-03,Hyderabad,Mobile App
CUST01769,2023-10-17,Jaipur,Website
CUST01770,2023-10-08,Mumbai,Mobile App
CUST01771,2023-07-21,Pune,Mobile App
CUST01772,2024-11-16,Kochi,Retail Store
CUST01773,2023-11-05,Delhi,Website
CUST01774,2023-12-06,Hyderabad,Mobile App
CUST01775,2025-06-26,Hyderabad,Mobile App
CUST01776,2025-02-12,Kolkata,Retail Store
CUST01777,2023-09-23,Ahmedabad,Website
CUST01778,2023-04-29,Ahmedabad,Website
CUST01779,2024-10-19,Jaipur,Retail Store
CUST01780,2024-01-05,Kolkata,Mobile App
CUST01781,2025-08-10,Mumbai,Mobile App
CUST01782,2025-03-06,Chennai,Mobile App
CUST01783,2025-07-16,Kochi,Mobile App
CUST01784,2025-02-21,Hyderabad,Mobile App
CUST01785,2023-10-10,Ahmedabad,Website
CUST01786,2023-10-07,Hyderabad,Mobile App
CUST01787,2024-11-25,Hyderabad,Website
CUST01788,2023-12-03,Hyderabad,Website
CUST01789,2024-03-05,Jaipur,Retail Store
CUST01790,2023-09-07,Mumbai,Retail Store
CUST01791,2024-04-10,Kochi,Website
CUST01792,2023-07-16,Chennai,Mobile App
CUST01793,2024-06-07,Mumbai,Mobile App
CUST01794,2025-06-25,Hyderabad,Website
CUST01795,2024-11-07,Kolkata,Website
CUST01796,2023-05-14,Mumbai,Mobile App
CUST01797,2024-08-21,Kochi,Retail Store
CUST01798,2024-07-24,Chennai,Mobile App
CUST01799,2023-08-24,Delhi,Mobile App
CUST01800,2024-10-13,Ahmedabad,Marketplace
CUST01801,2024-05-31,Chennai,Mobile App
CUST01802,2024-09-12,Pune,Retail Store
CUST01803,2023-02-21,Jaipur,Website
CUST01804,2024-02-06,Bengaluru,Mobile App
CUST01805,2024-11-28,Hyderabad,Mobile App
CUST01806,2023-04-08,Jaipur,Retail Store
CUST01807,2025-01-19,Pune,Marketplace
CUST01808,2023-01-06,Chennai,Mobile App
CUST01809,2024-06-18,Delhi,Website
CUST01810,2025-06-22,Hyderabad,Mobile App
CUST01811,2024-01-31,Chennai,Website
CUST01812,2025-06-27,Kochi,Website
CUST01813,2025-05-03,Bengaluru,Mobile App
CUST01814,2024-04-09,Kochi,Mobile App
CUST01815,2023-07-13,Kochi,Website
CUST01816,2025-07-25,Delhi,Mobile App
CUST01817,2023-11-09,Kolkata,Mobile App
CUST01818,2024-09-19,Kolkata,Website
CUST01819,2025-06-01,Pune,Website
CUST01820,2023-03-28,Delhi,Website
CUST01821,2024-07-12,Kochi,Retail Store
CUST01822,2024-06-04,Ahmedabad,Website
CUST01823,2024-12-03,Pune,Retail Store
CUST01824,2025-06-29,Ahmedabad,Website
CUST01825,2025-06-06,Pune,Website
CUST01826,2023-06-20,Mumbai,Website
CUST01827,2025-05-07,Hyderabad,Website
CUST01828,2023-06-20,Pune,Mobile App
CUST01829,2025-06-12,Pune,Mobile App
CUST01830,2025-08-27,Bengaluru,Website
CUST01831,2024-01-21,Kolkata,Mobile App
CUST01832,2024-04-26,Kolkata,Mobile App
CUST01833,2025-06-29,Ahmedabad,Website
CUST01834,2025-07-24,Mumbai,Mobile App
CUST01835,2025-06-19,Chennai,Marketplace
CUST01836,2025-05-02,Chennai,Retail Store
CUST01837,2023-01-10,Jaipur,Website
CUST01838,2024-07-06,Mumbai,Mobile App
CUST01839,2023-04-15,Delhi,Website
CUST01840,2025-08-13,Chennai,Website
CUST01841,2023-10-04,Bengaluru,Website
CUST01842,2025-08-19,Kochi,Website
CUST01843,2024-06-12,Bengaluru,Retail Store
CUST01844,2024-04-25,Hyderabad,Marketplace
CUST01845,2025-07-01,Ahmedabad,Mobile App
CUST01846,2025-04-07,Kochi,Mobile App
CUST01847,2024-03-30,Kolkata,Retail Store
CUST01848,2023-07-07,Pune,Website
CUST01849,2023-04-20,Ahmedabad,Website
CUST01850,2023-06-07,Delhi,Website
CUST01851,2024-03-22,Kolkata,Website
CUST01852,2023-09-08,Delhi,Mobile App
CUST01853,2023-06-30,Pune,Website
CUST01854,2024-12-16,Mumbai,Mobile App
CUST01855,2025-02-07,Pune,Website
CUST01856,2024-07-05,Mumbai,Website
CUST01857,2025-01-06,Hyderabad,Retail Store
CUST01858,2023-06-20,Kochi,Website
CUST01859,2025-04-12,Mumbai,Mobile App
CUST01860,2025-05-21,Mumbai,Website
CUST01861,2025-03-14,Bengaluru,Website
CUST01862,2024-05-15,Kolkata,Website
CUST01863,2023-03-26,Hyderabad,Mobile App
CUST01864,2024-10-12,Pune,Website
CUST01865,2023-06-29,Mumbai,Website
CUST01866,2023-05-17,Bengaluru,Mobile App
CUST01867,2023-11-11,Hyderabad,Mobile App
CUST01868,2023-08-30,Pune,Website
CUST01869,2023-09-11,Bengaluru,Mobile App
CUST01870,2023-08-17,Kochi,Website
CUST01871,2025-01-02,Bengaluru,Retail Store
CUST01872,2025-07-16,Ahmedabad,Website
CUST01873,2023-10-21,Delhi,Retail Store
CUST01874,2024-12-03,Jaipur,Marketplace
CUST01875,2023-01-12,Chennai,Mobile App
CUST01876,2024-09-27,Hyderabad,Website
CUST01877,2024-11-04,Jaipur,Mobile App
CUST01878,2023-03-02,Delhi,Mobile App
CUST01879,2023-04-25,Ahmedabad,Website
CUST01880,2023-10-26,Mumbai,Website
CUST01881,2024-01-30,Bengaluru,Marketplace
CUST01882,2024-05-03,Kochi,Mobile App
CUST01883,2025-05-20,Pune,Marketplace
CUST01884,2024-11-14,Jaipur,Website
CUST01885,2023-10-30,Bengaluru,Marketplace
CUST01886,2023-04-25,Delhi,Mobile App
CUST01887,2025-06-09,Hyderabad,Website
CUST01888,2023-10-14,Mumbai,Website
CUST01889,2024-08-20,Pune,Retail Store
CUST01890,2023-08-01,Hyderabad,Website
CUST01891,2023-05-10,Chennai,Mobile App
CUST01892,2023-05-29,Bengaluru,Website
CUST01893,2024-12-27,Mumbai,Website
CUST01894,2024-08-11,Pune,Mobile App
CUST01895,2024-02-09,Pune,Website
CUST01896,2024-06-17,Ahmedabad,Marketplace
CUST01897,2024-04-02,Hyderabad,Retail Store
CUST01898,2024-06-06,Bengaluru,Website
CUST01899,2024-10-07,Chennai,Website
CUST01900,2023-08-01,Kolkata,Website
CUST01901,2023-08-29,Ahmedabad,Website
CUST01902,2025-01-03,Kolkata,Mobile App
CUST01903,2025-04-28,Ahmedabad,Retail Store
CUST01904,2023-03-21,Pune,Website
CUST01905,2024-03-10,Mumbai,Marketplace
CUST01906,2024-11-15,Pune,Website
CUST01907,2023-03-17,Kochi,Mobile App
CUST01908,2024-07-02,Kochi,Mobile App
CUST01909,2023-03-02,Pune,Mobile App
CUST01910,2024-06-16,Chennai,Mobile App
CUST01911,2024-05-06,Pune,Mobile App
CUST01912,2024-07-10,Ahmedabad,Website
CUST01913,2023-05-26,Kolkata,Mobile App
CUST01914,2023-11-15,Bengaluru,Website
CUST01915,2024-05-20,Chennai,Website
CUST01916,2023-04-23,Jaipur,Retail Store
CUST01917,2023-07-19,Kochi,Mobile App
CUST01918,2024-07-20,Delhi,Marketplace
CUST01919,2023-03-30,Chennai,Mobile App
CUST01920,2024-05-11,Kochi,Website
CUST01921,2025-02-25,Delhi,Mobile App
CUST01922,2024-03-16,Kolkata,Website
CUST01923,2024-05-13,Jaipur,Retail Store
CUST01924,2024-03-20,Kochi,Website
CUST01925,2023-02-26,Pune,Mobile App
CUST01926,2024-03-25,Ahmedabad,Retail Store
CUST01927,2025-02-23,Pune,Website
CUST01928,2024-12-04,Ahmedabad,Website
CUST01929,2024-01-20,Chennai,Marketplace
CUST01930,2025-03-04,Mumbai,Mobile App
CUST01931,2024-12-25,Jaipur,Mobile App
CUST01932,2024-07-16,Kolkata,Retail Store
CUST01933,2023-02-14,Bengaluru,Mobile App
CUST01934,2023-12-01,Kochi,Mobile App
CUST01935,2023-03-03,Ahmedabad,Mobile App
CUST01936,2025-08-24,Bengaluru,Marketplace
CUST01937,2025-06-27,Mumbai,Website
CUST01938,2023-03-09,Kolkata,Website
CUST01939,2025-06-26,Jaipur,Website
CUST01940,2023-01-31,Bengaluru,Retail Store
CUST01941,2024-02-02,Kochi,Mobile App
CUST01942,2025-01-17,Jaipur,Mobile App
CUST01943,2025-01-14,Ahmedabad,Marketplace
CUST01944,2025-08-08,Chennai,Retail Store
CUST01945,2024-09-19,Delhi,Retail Store
CUST01946,2024-02-13,Chennai,Mobile App
CUST01947,2025-08-23,Kochi,Mobile App
CUST01948,2024-01-07,Chennai,Mobile App
CUST01949,2025-04-25,Bengaluru,Website
CUST01950,2025-05-31,Delhi,Website
CUST01951,2024-01-01,Chennai,Retail Store
CUST01952,2024-10-25,Hyderabad,Mobile App
CUST01953,2024-10-05,Chennai,Mobile App
CUST01954,2024-06-08,Mumbai,Retail Store
CUST01955,2024-09-27,Ahmedabad,Website
CUST01956,2023-12-05,Kolkata,Website
CUST01957,2023-06-23,Kochi,Website
CUST01958,2024-06-06,Bengaluru,Marketplace
CUST01959,2024-05-29,Kolkata,Website
CUST01960,2024-12-08,Delhi,Mobile App
CUST01961,2023-08-05,Bengaluru,Retail Store
CUST01962,2023-01-04,Mumbai,Marketplace
CUST01963,2023-01-23,Kochi,Website
CUST01964,2023-10-18,Ahmedabad,Mobile App
CUST01965,2024-10-16,Kochi,Marketplace
CUST01966,2024-06-13,Pune,Marketplace
CUST01967,2024-06-01,Mumbai,Mobile App
CUST01968,2025-03-11,Mumbai,Mobile App
CUST01969,2023-08-29,Kolkata,Retail Store
CUST01970,2023-12-03,Ahmedabad,Marketplace
CUST01971,2023-09-25,Pune,Mobile App
CUST01972,2025-06-30,Pune,Mobile App
CUST01973,2024-12-05,Pune,Website
CUST01974,2023-04-20,Kochi,Mobile App
CUST01975,2025-02-25,Chennai,Mobile App
CUST01976,2024-02-12,Kolkata,Website
CUST01977,2025-01-14,Kochi,Marketplace
CUST01978,2025-05-09,Delhi,Website
CUST01979,2023-01-16,Chennai,Marketplace
CUST01980,2023-07-20,Ahmedabad,Retail Store
CUST01981,2023-04-09,Pune,Website
CUST01982,2023-02-02,Jaipur,Website
CUST01983,2024-08-04,Jaipur,Retail Store
CUST01984,2024-11-14,Jaipur,Mobile App
CUST01985,2023-02-17,Delhi,Website
CUST01986,2024-12-20,Hyderabad,Mobile App
CUST01987,2024-01-27,Pune,Marketplace
CUST01988,2023-08-16,Pune,Mobile App
CUST01989,2023-07-31,Chennai,Mobile App
CUST01990,2025-04-19,Chennai,Mobile App
CUST01991,2023-02-24,Kochi,Mobile App
CUST01992,2024-05-04,Kolkata,Mobile App
CUST01993,2023-10-09,Jaipur,Website
CUST01994,2025-03-03,Kolkata,Retail Store
CUST01995,2024-12-12,Jaipur,Website
CUST01996,2023-11-06,Kolkata,Website
CUST01997,2024-08-04,Mumbai,Website
CUST01998,2024-10-15,Pune,Marketplace
CUST01999,2023-11-08,Hyderabad,Website
CUST02000,2023-10-21,Mumbai,Mobile App
CUST02001,2023-05-20,Hyderabad,Website
CUST02002,2024-10-03,Jaipur,Website
CUST02003,2023-08-03,Ahmedabad,Website
CUST02004,2023-10-20,Jaipur,Retail Store
CUST02005,2023-03-01,Jaipur,Website
CUST02006,2025-07-10,Jaipur,Retail Store
CUST02007,2025-05-05,Hyderabad,Mobile App
CUST02008,2025-06-05,Mumbai,Marketplace
CUST02009,2024-08-31,Kolkata,Website
CUST02010,2024-02-20,Chennai,Marketplace
CUST02011,2024-04-26,Mumbai,Website
CUST02012,2025-08-03,Hyderabad,Website
CUST02013,2025-07-04,Ahmedabad,Retail Store
CUST02014,2024-10-14,Chennai,Retail Store
CUST02015,2025-02-02,Jaipur,Mobile App
CUST02016,2023-11-06,Delhi,Retail Store
CUST02017,2024-02-09,Delhi,Website
CUST02018,2023-05-26,Pune,Marketplace
CUST02019,2024-01-01,Bengaluru,Website
CUST02020,2025-01-03,Pune,Mobile App
CUST02021,2024-04-05,Bengaluru,Website
CUST02022,2025-04-05,Kolkata,Website
CUST02023,2023-10-20,Hyderabad,Website
CUST02024,2024-11-18,Kochi,Retail Store
CUST02025,2025-02-22,Mumbai,Website
CUST02026,2025-06-08,Pune,Website
CUST02027,2024-06-30,Chennai,Mobile App
CUST02028,2025-07-29,Kochi,Retail Store
CUST02029,2024-06-25,Hyderabad,Mobile App
CUST02030,2023-05-11,Kochi,Mobile App
CUST02031,2023-08-25,Bengaluru,Retail Store
CUST02032,2023-07-17,Chennai,Mobile App
CUST02033,2024-09-20,Pune,Mobile App
CUST02034,2025-06-15,Jaipur,Website
CUST02035,2025-04-03,Jaipur,Mobile App
CUST02036,2023-03-31,Bengaluru,Website
CUST02037,2024-12-05,Delhi,Mobile App
CUST02038,2023-07-05,Chennai,Website
CUST02039,2023-09-18,Delhi,Marketplace
CUST02040,2024-10-16,Kochi,Mobile App
CUST02041,2024-08-09,Jaipur,Retail Store
CUST02042,2025-04-29,Mumbai,Website
CUST02043,2023-07-02,Chennai,Mobile App
CUST02044,2025-01-10,Kochi,Marketplace
CUST02045,2024-12-05,Delhi,Marketplace
CUST02046,2024-06-27,Chennai,Website
CUST02047,2024-04-10,Bengaluru,Website
CUST02048,2025-04-25,Jaipur,Mobile App
CUST02049,2023-11-20,Mumbai,Marketplace
CUST02050,2025-07-19,Chennai,Mobile App
CUST02051,2023-01-15,Jaipur,Mobile App
CUST02052,2025-06-29,Mumbai,Website
CUST02053,2025-07-24,Delhi,Website
CUST02054,2023-04-25,Bengaluru,Marketplace
CUST02055,2025-08-29,Pune,Marketplace
CUST02056,2024-04-10,Jaipur,Mobile App
CUST02057,2023-08-24,Bengaluru,Website
CUST02058,2024-08-10,Delhi,Retail Store
CUST02059,2023-07-18,Kolkata,Retail Store
CUST02060,2025-06-08,Delhi,Mobile App
CUST02061,2024-06-20,Kolkata,Mobile App
CUST02062,2025-01-23,Bengaluru,Mobile App
CUST02063,2024-01-06,Pune,Website
CUST02064,2024-06-02,Chennai,Website
CUST02065,2023-12-16,Bengaluru,Website
CUST02066,2023-09-12,Hyderabad,Mobile App
CUST02067,2024-05-13,Kochi,Retail Store
CUST02068,2024-04-28,Hyderabad,Website
CUST02069,2023-04-06,Ahmedabad,Mobile App
CUST02070,2025-08-11,Kolkata,Website
CUST02071,2024-04-01,Kolkata,Mobile App
CUST02072,2025-03-27,Jaipur,Website
CUST02073,2025-06-07,Kochi,Website
CUST02074,2023-12-27,Kochi,Website
CUST02075,2024-02-07,Bengaluru,Website
CUST02076,2024-06-30,Jaipur,Website
CUST02077,2023-08-04,Hyderabad,Mobile App
CUST02078,2023-05-22,Hyderabad,Retail Store
CUST02079,2023-09-11,Ahmedabad,Website
CUST02080,2025-06-27,Mumbai,Mobile App
CUST02081,2024-07-16,Jaipur,Website
CUST02082,2024-02-10,Kolkata,Retail Store
CUST02083,2023-05-29,Jaipur,Website
CUST02084,2023-11-17,Pune,Website
CUST02085,2024-01-05,Chennai,Marketplace
CUST02086,2025-03-21,Mumbai,Mobile App
CUST02087,2024-04-30,Jaipur,Website
CUST02088,2024-09-28,Mumbai,Website
CUST02089,2024-10-27,Kochi,Website
CUST02090,2023-09-08,Jaipur,Marketplace
CUST02091,2025-03-09,Hyderabad,Website
CUST02092,2025-07-28,Chennai,Website
CUST02093,2024-09-15,Jaipur,Website
CUST02094,2024-04-21,Pune,Website
CUST02095,2023-06-13,Hyderabad,Website
CUST02096,2025-02-11,Pune,Mobile App
CUST02097,2023-06-14,Kochi,Retail Store
CUST02098,2024-12-01,Jaipur,Mobile App
CUST02099,2024-04-19,Jaipur,Website
CUST02100,2025-06-10,Bengaluru,Website
CUST02101,2024-06-10,Delhi,Mobile App
CUST02102,2024-09-15,Ahmedabad,Marketplace
CUST02103,2023-02-27,Chennai,Website
CUST02104,2023-02-02,Delhi,Website
CUST02105,2025-04-02,Kochi,Website
CUST02106,2025-07-07,Delhi,Website
CUST02107,2024-10-11,Ahmedabad,Website
CUST02108,2025-01-12,Hyderabad,Mobile App
CUST02109,2024-02-05,Pune,Mobile App
CUST02110,2025-03-29,Chennai,Retail Store
CUST02111,2023-08-13,Kolkata,Website
CUST02112,2024-11-18,Chennai,Website
CUST02113,2023-01-09,Delhi,Mobile App
CUST02114,2024-05-06,Kolkata,Website
CUST02115,2023-12-29,Chennai,Website
CUST02116,2024-08-23,Chennai,Retail Store
CUST02117,2024-10-10,Ahmedabad,Mobile App
CUST02118,2024-08-22,Hyderabad,Mobile App
CUST02119,2024-04-14,Bengaluru,Website
CUST02120,2024-04-19,Kochi,Website
CUST02121,2023-01-07,Hyderabad,Retail Store
CUST02122,2024-06-20,Pune,Retail Store
CUST02123,2023-01-12,Delhi,Website
CUST02124,2024-05-29,Bengaluru,Mobile App
CUST02125,2023-09-25,Mumbai,Retail Store
CUST02126,2025-08-08,Mumbai,Retail Store
CUST02127,2023-01-17,Kochi,Website
CUST02128,2025-03-01,Kochi,Website
CUST02129,2024-10-17,Mumbai,Mobile App
CUST02130,2025-02-22,Jaipur,Retail Store
CUST02131,2025-06-03,Jaipur,Mobile App
CUST02132,2023-04-15,Pune,Website
CUST02133,2023-04-04,Delhi,Retail Store
CUST02134,2023-05-25,Kochi,Mobile App
CUST02135,2023-07-06,Hyderabad,Website
CUST02136,2024-05-26,Jaipur,Mobile App
CUST02137,2025-03-03,Kolkata,Website
CUST02138,2023-09-17,Mumbai,Mobile App
CUST02139,2024-01-21,Kochi,Mobile App
CUST02140,2023-12-29,Jaipur,Website
CUST02141,2024-01-30,Pune,Website
CUST02142,2024-07-03,Kochi,Mobile App
CUST02143,2025-08-20,Pune,Mobile App
CUST02144,2023-08-08,Ahmedabad,Marketplace
CUST02145,2024-10-26,Mumbai,Website
CUST02146,2025-04-04,Ahmedabad,Website
CUST02147,2024-09-27,Hyderabad,Website
CUST02148,2025-04-14,Mumbai,Mobile App
CUST02149,2025-01-08,Jaipur,Marketplace
CUST02150,2023-04-01,Chennai,Website
CUST02151,2024-01-04,Ahmedabad,Retail Store
CUST02152,2024-06-21,Mumbai,Marketplace
CUST02153,2023-02-24,Chennai,Website
CUST02154,2023-01-10,Jaipur,Mobile App
CUST02155,2023-06-16,Hyderabad,Retail Store
CUST02156,2024-04-30,Hyderabad,Mobile App
CUST02157,2024-02-26,Kochi,Website
CUST02158,2025-02-01,Kolkata,Website
CUST02159,2024-07-04,Bengaluru,Mobile App
CUST02160,2025-04-13,Kolkata,Marketplace
CUST02161,2023-04-03,Delhi,Mobile App
CUST02162,2024-05-28,Chennai,Retail Store
CUST02163,2023-02-11,Chennai,Mobile App
CUST02164,2023-07-25,Ahmedabad,Retail Store
CUST02165,2025-04-23,Mumbai,Mobile App
CUST02166,2025-05-12,Pune,Mobile App
CUST02167,2024-04-07,Delhi,Website
CUST02168,2023-02-15,Hyderabad,Website
CUST02169,2023-03-14,Pune,Website
CUST02170,2025-06-18,Kochi,Mobile App
CUST02171,2025-05-24,Bengaluru,Mobile App
CUST02172,2024-07-01,Kolkata,Retail Store
CUST02173,2023-02-01,Bengaluru,Mobile App
CUST02174,2025-06-21,Ahmedabad,Mobile App
CUST02175,2023-11-02,Kochi,Website
CUST02176,2025-07-23,Kolkata,Website
CUST02177,2024-07-24,Mumbai,Website
CUST02178,2025-01-01,Kochi,Website
CUST02179,2024-11-23,Jaipur,Website
CUST02180,2024-01-23,Kochi,Website
CUST02181,2023-03-16,Pune,Website
CUST02182,2023-06-07,Pune,Mobile App
CUST02183,2023-08-22,Kolkata,Mobile App
CUST02184,2025-03-22,Kochi,Mobile App
CUST02185,2024-01-14,Hyderabad,Marketplace
CUST02186,2025-05-21,Delhi,Mobile App
CUST02187,2023-11-19,Ahmedabad,Retail Store
CUST02188,2025-01-04,Pune,Website
CUST02189,2023-05-17,Kolkata,Mobile App
CUST02190,2025-08-18,Kochi,Retail Store
CUST02191,2024-12-04,Pune,Mobile App
CUST02192,2024-05-01,Jaipur,Website
CUST02193,2025-08-05,Chennai,Marketplace
CUST02194,2023-02-22,Kochi,Mobile App
CUST02195,2024-02-29,Delhi,Website
CUST02196,2025-03-26,Pune,Website
CUST02197,2023-11-28,Delhi,Mobile App
CUST02198,2025-01-17,Jaipur,Mobile App
CUST02199,2025-07-17,Pune,Mobile App
CUST02200,2024-01-21,Pune,Mobile App
CUST02201,2025-01-21,Kochi,Mobile App
CUST02202,2023-01-29,Jaipur,Mobile App
CUST02203,2023-09-23,Bengaluru,Website
CUST02204,2025-08-22,Pune,Marketplace
CUST02205,2024-04-21,Jaipur,Retail Store
CUST02206,2023-12-12,Kolkata,Mobile App
CUST02207,2025-07-03,Chennai,Retail Store
CUST02208,2024-02-24,Jaipur,Mobile App
CUST02209,2024-10-22,Ahmedabad,Retail Store
CUST02210,2024-10-04,Kolkata,Website
CUST02211,2023-03-25,Kochi,Website
CUST02212,2024-08-24,Pune,Website
CUST02213,2025-02-14,Delhi,Marketplace
CUST02214,2024-11-24,Bengaluru,Website
CUST02215,2023-03-21,Jaipur,Website
CUST02216,2023-05-30,Delhi,Website
CUST02217,2024-11-22,Mumbai,Mobile App
CUST02218,2024-09-08,Bengaluru,Mobile App
CUST02219,2024-12-19,Kolkata,Mobile App
CUST02220,2023-11-04,Chennai,Website
CUST02221,2023-04-14,Bengaluru,Website
CUST02222,2023-01-06,Kochi,Website
CUST02223,2023-10-27,Jaipur,Mobile App
CUST02224,2023-12-16,Chennai,Mobile App
CUST02225,2023-09-20,Kolkata,Retail Store
CUST02226,2023-05-09,Kolkata,Mobile App
CUST02227,2023-07-02,Jaipur,Mobile App
CUST02228,2024-03-12,Chennai,Mobile App
CUST02229,2024-06-23,Ahmedabad,Website
CUST02230,2024-02-01,Hyderabad,Mobile App
CUST02231,2023-01-26,Kolkata,Mobile App
CUST02232,2023-12-11,Bengaluru,Mobile App
CUST02233,2023-04-01,Ahmedabad,Retail Store
CUST02234,2024-08-04,Pune,Website
CUST02235,2023-11-12,Jaipur,Website
CUST02236,2024-01-10,Chennai,Retail Store
CUST02237,2023-10-11,Kochi,Mobile App
CUST02238,2024-01-12,Mumbai,Website
CUST02239,2023-03-24,Mumbai,Retail Store
CUST02240,2025-05-25,Pune,Mobile App
CUST02241,2025-05-29,Kochi,Mobile App
CUST02242,2025-08-08,Bengaluru,Website
CUST02243,2024-07-09,Chennai,Website
CUST02244,2023-06-14,Mumbai,Mobile App
CUST02245,2024-01-06,Kolkata,Mobile App
CUST02246,2023-05-15,Jaipur,Website
CUST02247,2023-10-20,Kochi,Website
CUST02248,2024-04-24,Pune,Mobile App
CUST02249,2023-03-03,Ahmedabad,Website
CUST02250,2024-02-27,Jaipur,Website
CUST02251,2024-02-14,Mumbai,Retail Store
CUST02252,2024-04-15,Jaipur,Mobile App
CUST02253,2023-03-16,Delhi,Mobile App
CUST02254,2023-09-02,Mumbai,Website
CUST02255,2023-08-28,Mumbai,Marketplace
CUST02256,2024-08-30,Bengaluru,Marketplace
CUST02257,2024-07-31,Kolkata,Website
CUST02258,2023-07-10,Kolkata,Website
CUST02259,2023-04-14,Delhi,Mobile App
CUST02260,2023-10-24,Bengaluru,Marketplace
CUST02261,2025-07-11,Jaipur,Website
CUST02262,2023-11-19,Jaipur,Marketplace
CUST02263,2024-08-25,Chennai,Website
CUST02264,2025-02-20,Hyderabad,Website
CUST02265,2023-11-17,Delhi,Mobile App
CUST02266,2023-11-22,Kolkata,Mobile App
CUST02267,2025-03-03,Hyderabad,Website
CUST02268,2025-04-15,Jaipur,Website
CUST02269,2025-08-04,Bengaluru,Mobile App
CUST02270,2023-05-13,Chennai,Marketplace
CUST02271,2023-11-08,Jaipur,Marketplace
CUST02272,2025-07-09,Jaipur,Retail Store
CUST02273,2023-07-15,Kochi,Website
CUST02274,2023-11-02,Ahmedabad,Marketplace
CUST02275,2025-07-26,Kochi,Mobile App
CUST02276,2025-07-30,Delhi,Retail Store
CUST02277,2023-10-11,Ahmedabad,Mobile App
CUST02278,2024-11-06,Kochi,Retail Store
CUST02279,2024-04-22,Ahmedabad,Website
CUST02280,2024-07-13,Bengaluru,Website
CUST02281,2023-08-24,Delhi,Mobile App
CUST02282,2024-01-01,Delhi,Retail Store
CUST02283,2025-03-04,Kolkata,Marketplace
CUST02284,2024-01-17,Jaipur,Mobile App
CUST02285,2023-04-21,Hyderabad,Website
CUST02286,2024-07-02,Bengaluru,Website
CUST02287,2024-07-29,Chennai,Website
CUST02288,2024-06-14,Pune,Mobile App
CUST02289,2024-10-24,Chennai,Website
CUST02290,2024-06-18,Kochi,Website
CUST02291,2025-07-15,Delhi,Mobile App
CUST02292,2024-03-24,Delhi,Website
CUST02293,2024-11-19,Delhi,Retail Store
CUST02294,2024-03-02,Delhi,Website
CUST02295,2023-10-11,Delhi,Retail Store
CUST02296,2024-11-04,Chennai,Website
CUST02297,2025-03-07,Bengaluru,Website
CUST02298,2025-02-12,Bengaluru,Mobile App
CUST02299,2024-02-02,Ahmedabad,Mobile App
CUST02300,2024-04-30,Jaipur,Marketplace
CUST02301,2024-09-07,Ahmedabad,Website
CUST02302,2023-08-24,Chennai,Mobile App
CUST02303,2024-10-02,Kochi,Retail Store
CUST02304,2024-11-26,Ahmedabad,Website
CUST02305,2025-02-05,Jaipur,Website
CUST02306,2023-03-13,Delhi,Retail Store
CUST02307,2025-08-20,Pune,Website
CUST02308,2024-04-10,Kolkata,Mobile App
CUST02309,2024-01-25,Jaipur,Website
CUST02310,2024-05-07,Chennai,Website
CUST02311,2025-06-13,Pune,Mobile App
CUST02312,2024-11-03,Bengaluru,Mobile App
CUST02313,2024-06-12,Ahmedabad,Website
CUST02314,2025-02-07,Mumbai,Website
CUST02315,2023-12-16,Delhi,Website
CUST02316,2025-05-20,Bengaluru,Website
CUST02317,2024-06-05,Kochi,Retail Store
CUST02318,2024-09-12,Pune,Mobile App
CUST02319,2023-03-24,Delhi,Website
CUST02320,2025-01-17,Kochi,Website
CUST02321,2024-10-01,Pune,Mobile App
CUST02322,2023-12-12,Delhi,Website
CUST02323,2024-09-20,Chennai,Website
CUST02324,2023-02-13,Kolkata,Website
CUST02325,2025-08-14,Pune,Mobile App
CUST02326,2024-10-20,Kochi,Mobile App
CUST02327,2024-01-24,Bengaluru,Mobile App
CUST02328,2025-01-01,Delhi,Mobile App
CUST02329,2025-07-27,Kolkata,Website
CUST02330,2024-02-23,Pune,Mobile App
CUST02331,2023-01-11,Mumbai,Website
CUST02332,2023-09-09,Ahmedabad,Website
CUST02333,2024-05-11,Jaipur,Mobile App
CUST02334,2024-05-19,Chennai,Retail Store
CUST02335,2024-07-18,Hyderabad,Website
CUST02336,2024-07-13,Kochi,Website
CUST02337,2024-03-09,Bengaluru,Mobile App
CUST02338,2024-01-16,Mumbai,Website
CUST02339,2025-01-20,Hyderabad,Mobile App
CUST02340,2024-07-26,Bengaluru,Mobile App
CUST02341,2024-05-01,Chennai,Website
CUST02342,2023-12-02,Chennai,Mobile App
CUST02343,2023-01-24,Hyderabad,Website
CUST02344,2023-04-12,Kolkata,Website
CUST02345,2024-02-09,Kochi,Website
CUST02346,2025-07-23,Kochi,Mobile App
CUST02347,2023-04-23,Jaipur,Website
CUST02348,2025-07-03,Hyderabad,Website
CUST02349,2023-05-18,Jaipur,Mobile App
CUST02350,2023-10-31,Ahmedabad,Retail Store
CUST02351,2024-03-18,Kolkata,Mobile App
CUST02352,2023-07-21,Ahmedabad,Mobile App
CUST02353,2024-04-14,Pune,Retail Store
CUST02354,2024-04-07,Chennai,Mobile App
CUST02355,2024-03-01,Kochi,Mobile App
CUST02356,2024-11-08,Bengaluru,Website
CUST02357,2023-11-06,Chennai,Website
CUST02358,2023-10-19,Chennai,Mobile App
CUST02359,2025-02-26,Hyderabad,Mobile App
CUST02360,2023-04-22,Kolkata,Website
CUST02361,2025-04-05,Ahmedabad,Retail Store
CUST02362,2024-09-21,Chennai,Mobile App
CUST02363,2024-10-20,Jaipur,Marketplace
CUST02364,2023-06-09,Kolkata,Website
CUST02365,2025-08-14,Mumbai,Website
CUST02366,2023-08-26,Delhi,Mobile App
CUST02367,2023-06-19,Bengaluru,Website
CUST02368,2023-06-05,Kolkata,Website
CUST02369,2024-06-28,Bengaluru,Marketplace
CUST02370,2025-07-20,Ahmedabad,Mobile App
CUST02371,2023-08-14,Mumbai,Retail Store
CUST02372,2024-01-29,Jaipur,Retail Store
CUST02373,2023-06-29,Bengaluru,Website
CUST02374,2024-09-14,Kochi,Website
CUST02375,2024-02-25,Kolkata,Website
CUST02376,2023-01-29,Delhi,Mobile App
CUST02377,2024-08-19,Ahmedabad,Mobile App
CUST02378,2023-07-11,Pune,Mobile App
CUST02379,2024-07-29,Pune,Website
CUST02380,2024-01-13,Chennai,Retail Store
CUST02381,2024-11-16,Chennai,Retail Store
CUST02382,2023-07-20,Ahmedabad,Marketplace
CUST02383,2025-01-01,Jaipur,Marketplace
CUST02384,2025-02-25,Jaipur,Mobile App
CUST02385,2023-03-02,Jaipur,Website
CUST02386,2023-04-09,Kochi,Mobile App
CUST02387,2025-04-27,Kochi,Mobile App
CUST02388,2023-07-01,Jaipur,Website
CUST02389,2023-11-13,Chennai,Mobile App
CUST02390,2024-03-20,Delhi,Retail Store
CUST02391,2023-09-13,Ahmedabad,Website
CUST02392,2025-04-18,Kolkata,Website
CUST02393,2024-05-27,Hyderabad,Website
CUST02394,2024-09-13,Jaipur,Retail Store
CUST02395,2024-08-03,Pune,Website
CUST02396,2024-08-17,Ahmedabad,Mobile App
CUST02397,2024-07-24,Ahmedabad,Marketplace
CUST02398,2023-12-05,Ahmedabad,Website
CUST02399,2025-04-01,Kolkata,Retail Store
CUST02400,2024-08-23,Kochi,Website
CUST02401,2025-03-01,Mumbai,Mobile App
CUST02402,2024-11-17,Delhi,Website
CUST02403,2023-10-17,Jaipur,Mobile App
CUST02404,2024-08-20,Delhi,Website
CUST02405,2023-03-24,Kolkata,Retail Store
CUST02406,2023-05-11,Delhi,Website
CUST02407,2023-04-25,Kolkata,Mobile App
CUST02408,2023-10-24,Jaipur,Retail Store
CUST02409,2023-06-27,Kochi,Retail Store
CUST02410,2024-11-05,Hyderabad,Website
CUST02411,2024-05-11,Jaipur,Retail Store
CUST02412,2024-02-11,Kolkata,Website
CUST02413,2023-05-15,Bengaluru,Website
CUST02414,2024-01-08,Hyderabad,Website
CUST02415,2023-06-30,Ahmedabad,Mobile App
CUST02416,2024-09-09,Hyderabad,Mobile App
CUST02417,2024-11-05,Ahmedabad,Website
CUST02418,2024-09-19,Mumbai,Website
CUST02419,2025-08-29,Jaipur,Website
CUST02420,2024-06-23,Bengaluru,Website
CUST02421,2024-04-20,Pune,Mobile App
CUST02422,2023-05-17,Mumbai,Website
CUST02423,2023-11-02,Pune,Website
CUST02424,2024-03-14,Delhi,Website
CUST02425,2023-02-22,Hyderabad,Retail Store
CUST02426,2023-12-15,Ahmedabad,Marketplace
CUST02427,2023-01-10,Ahmedabad,Mobile App
CUST02428,2023-05-13,Mumbai,Website
CUST02429,2025-03-03,Pune,Website
CUST02430,2025-07-25,Kolkata,Website
CUST02431,2024-05-06,Ahmedabad,Website
CUST02432,2024-04-26,Hyderabad,Retail Store
CUST02433,2024-10-27,Mumbai,Website
CUST02434,2024-02-08,Delhi,Website
CUST02435,2025-03-27,Ahmedabad,Website
CUST02436,2024-04-20,Mumbai,Website
CUST02437,2023-03-22,Bengaluru,Mobile App
CUST02438,2023-01-30,Delhi,Mobile App
CUST02439,2025-01-09,Hyderabad,Marketplace
CUST02440,2023-10-11,Pune,Mobile App
CUST02441,2023-09-25,Mumbai,Mobile App
CUST02442,2024-06-06,Jaipur,Mobile App
CUST02443,2023-06-13,Hyderabad,Mobile App
CUST02444,2024-03-20,Hyderabad,Website
CUST02445,2024-12-22,Mumbai,Retail Store
CUST02446,2025-01-14,Delhi,Marketplace
CUST02447,2024-06-18,Delhi,Mobile App
CUST02448,2023-04-21,Chennai,Website
CUST02449,2023-04-22,Hyderabad,Mobile App
CUST02450,2025-01-23,Kolkata,Retail Store
CUST02451,2025-03-11,Mumbai,Marketplace
CUST02452,2023-12-23,Kochi,Retail Store
CUST02453,2025-03-10,Ahmedabad,Mobile App
CUST02454,2023-02-10,Pune,Website
CUST02455,2024-11-29,Bengaluru,Website
CUST02456,2024-06-15,Ahmedabad,Website
CUST02457,2025-08-20,Kochi,Website
CUST02458,2023-04-10,Mumbai,Website
CUST02459,2025-03-17,Pune,Mobile App
CUST02460,2024-12-31,Bengaluru,Website
CUST02461,2023-10-17,Delhi,Website
CUST02462,2025-08-29,Jaipur,Retail Store
CUST02463,2024-03-13,Chennai,Retail Store
CUST02464,2023-12-05,Ahmedabad,Mobile App
CUST02465,2025-03-04,Mumbai,Mobile App
CUST02466,2024-03-02,Chennai,Mobile App
CUST02467,2025-08-24,Hyderabad,Retail Store
CUST02468,2025-01-23,Ahmedabad,Mobile App
CUST02469,2023-08-19,Jaipur,Website
CUST02470,2025-02-27,Ahmedabad,Website
CUST02471,2024-07-25,Pune,Mobile App
CUST02472,2023-12-07,Chennai,Mobile App
CUST02473,2024-11-21,Hyderabad,Retail Store
CUST02474,2024-09-07,Kochi,Marketplace
CUST02475,2023-06-11,Jaipur,Website
CUST02476,2023-05-16,Jaipur,Website
CUST02477,2023-07-20,Hyderabad,Retail Store
CUST02478,2023-07-21,Jaipur,Website
CUST02479,2023-02-27,Mumbai,Retail Store
CUST02480,2023-12-07,Jaipur,Website
CUST02481,2023-10-01,Pune,Retail Store
CUST02482,2024-06-07,Kochi,Retail Store
CUST02483,2023-11-11,Kochi,Website
CUST02484,2024-11-15,Bengaluru,Mobile App
CUST02485,2023-10-09,Jaipur,Retail Store
CUST02486,2023-09-17,Delhi,Mobile App
CUST02487,2025-04-13,Ahmedabad,Retail Store
CUST02488,2025-08-15,Pune,Mobile App
CUST02489,2024-10-22,Chennai,Website
CUST02490,2023-04-03,Chennai,Website
CUST02491,2025-07-24,Jaipur,Mobile App
CUST02492,2025-02-02,Mumbai,Retail Store
CUST02493,2025-06-12,Pune,Website
CUST02494,2025-08-22,Mumbai,Website
CUST02495,2025-04-22,Ahmedabad,Website
CUST02496,2023-05-04,Mumbai,Mobile App
CUST02497,2025-04-21,Kolkata,Mobile App
CUST02498,2023-08-31,Jaipur,Mobile App
CUST02499,2024-11-22,Kochi,Website
CUST02500,2025-03-16,Chennai,Website
CUST02501,2025-01-10,Bengaluru,Website
CUST02502,2024-10-19,Delhi,Mobile App
CUST02503,2024-04-20,Bengaluru,Mobile App
CUST02504,2024-07-15,Mumbai,Website
CUST02505,2023-09-19,Kolkata,Retail Store
CUST02506,2024-02-07,Mumbai,Retail Store
CUST02507,2024-03-15,Hyderabad,Mobile App
CUST02508,2024-09-07,Bengaluru,Retail Store
CUST02509,2025-05-05,Bengaluru,Marketplace
CUST02510,2023-04-01,Jaipur,Website
CUST02511,2024-05-16,Delhi,Mobile App
CUST02512,2023-09-28,Delhi,Website
CUST02513,2025-06-29,Delhi,Mobile App
CUST02514,2023-12-25,Pune,Mobile App
CUST02515,2025-07-12,Jaipur,Website
CUST02516,2023-11-15,Bengaluru,Retail Store
CUST02517,2023-01-03,Kochi,Website
CUST02518,2025-01-22,Ahmedabad,Mobile App
CUST02519,2024-12-13,Kolkata,Retail Store
CUST02520,2024-12-11,Pune,Retail Store
CUST02521,2024-03-21,Jaipur,Website
CUST02522,2024-10-07,Chennai,Mobile App
CUST02523,2023-12-15,Jaipur,Marketplace
CUST02524,2023-03-03,Ahmedabad,Marketplace
CUST02525,2024-06-03,Chennai,Mobile App
CUST02526,2023-07-31,Chennai,Retail Store
CUST02527,2024-02-22,Kolkata,Retail Store
CUST02528,2023-07-25,Kolkata,Retail Store
CUST02529,2023-09-19,Chennai,Mobile App
CUST02530,2025-03-16,Kochi,Mobile App
CUST02531,2023-11-25,Kolkata,Retail Store
CUST02532,2024-07-15,Hyderabad,Website
CUST02533,2024-07-04,Ahmedabad,Mobile App
CUST02534,2024-04-16,Kolkata,Website
CUST02535,2023-12-01,Mumbai,Marketplace
CUST02536,2024-10-25,Kochi,Website
CUST02537,2023-02-17,Pune,Marketplace
CUST02538,2023-04-07,Hyderabad,Website
CUST02539,2025-01-31,Delhi,Website
CUST02540,2024-03-22,Chennai,Website
CUST02541,2023-05-01,Hyderabad,Marketplace
CUST02542,2025-04-13,Jaipur,Mobile App
CUST02543,2024-03-04,Kochi,Website
CUST02544,2023-01-01,Mumbai,Mobile App
CUST02545,2025-07-20,Pune,Website
CUST02546,2023-07-16,Chennai,Retail Store
CUST02547,2024-10-31,Delhi,Website
CUST02548,2023-05-09,Hyderabad,Website
CUST02549,2024-09-23,Kolkata,Mobile App
CUST02550,2023-06-04,Delhi,Mobile App
CUST02551,2025-06-25,Chennai,Retail Store
CUST02552,2023-09-24,Pune,Mobile App
CUST02553,2024-09-28,Kochi,Retail Store
CUST02554,2023-09-01,Bengaluru,Mobile App
CUST02555,2023-12-28,Hyderabad,Website
CUST02556,2025-05-28,Kochi,Website
CUST02557,2023-06-10,Mumbai,Marketplace
CUST02558,2024-01-21,Chennai,Website
CUST02559,2023-10-24,Kolkata,Website
CUST02560,2024-11-10,Bengaluru,Retail Store
CUST02561,2023-08-16,Delhi,Mobile App
CUST02562,2024-09-29,Kochi,Marketplace
CUST02563,2024-11-14,Kolkata,Website
CUST02564,2023-01-02,Jaipur,Website
CUST02565,2024-04-08,Jaipur,Mobile App
CUST02566,2023-05-09,Chennai,Mobile App
CUST02567,2023-08-08,Delhi,Website
CUST02568,2024-10-22,Kolkata,Marketplace
CUST02569,2023-01-10,Kochi,Mobile App
CUST02570,2024-11-07,Bengaluru,Website
CUST02571,2025-03-05,Hyderabad,Retail Store
CUST02572,2025-08-18,Pune,Website
CUST02573,2024-02-15,Bengaluru,Mobile App
CUST02574,2023-05-09,Mumbai,Mobile App
CUST02575,2023-03-10,Hyderabad,Website
CUST02576,2024-01-08,Jaipur,Mobile App
CUST02577,2024-12-11,Pune,Retail Store
CUST02578,2023-04-10,Ahmedabad,Mobile App
CUST02579,2023-11-01,Ahmedabad,Website
CUST02580,2025-05-06,Kochi,Website
CUST02581,2023-05-14,Kochi,Marketplace
CUST02582,2025-01-21,Jaipur,Website
CUST02583,2025-01-02,Bengaluru,Website
CUST02584,2023-05-10,Kolkata,Website
CUST02585,2025-08-23,Kochi,Website
CUST02586,2023-05-19,Kolkata,Mobile App
CUST02587,2024-05-30,Chennai,Website
CUST02588,2023-01-09,Chennai,Mobile App
CUST02589,2024-09-23,Mumbai,Retail Store
CUST02590,2024-03-03,Pune,Marketplace
CUST02591,2024-12-03,Kochi,Retail Store
CUST02592,2024-09-02,Ahmedabad,Mobile App
CUST02593,2023-05-28,Ahmedabad,Website
CUST02594,2024-02-05,Delhi,Website
CUST02595,2024-10-29,Chennai,Website
CUST02596,2025-04-15,Bengaluru,Website
CUST02597,2023-03-26,Mumbai,Website
CUST02598,2023-04-08,Kochi,Marketplace
CUST02599,2025-01-01,Hyderabad,Website
CUST02600,2024-07-27,Bengaluru,Website
